Latitude,Longitude,Depth,Azimuthal Gap,Horizontal Distance,Root Mean Square,Magnitude
37.3021667,-116.4083333,1.2,261,1.476,0.86,5.62
33.1798333,-116.103,10,128,0.6012,0.33,6.6
37.2953333,-116.4556667,1.2,261,1.438,1.03,5.63
37.2315,-116.4736667,1.4,257,1.415,1.36,5.52
37.3141667,-116.4606667,1.2,268,1.437,0.33,5.82
37.3005,-116.5341667,1.2,260,1.377,0.35,5.54
34.416,-118.37,6,328.5,0.3136,0.324,5.8
34.416,-118.37,6,360,0.3136,0.005,5.8
37.245,-116.346,1.1,259,1.517,0.55,5.64
30.25,-114.8,6,312,2.641,3.22,5.55
37.2788333,-116.3686667,6,260,1.504,3.44,5.52
39.4321667,-121.5458333,4.388,116,0.127,0.07,5.7
37.2901667,-116.4115,1.3,260,1.472,2.75,5.67
37.2965,-116.3331667,1.5,261,1.534,0.44,5.84
41.0351667,-124.9496667,41.78,318,0.6577,0.09,6.3
37.1038333,-121.5123333,8.315,97,0.05225,0.06,5.8
32.9986667,-115.5575,14.19,79,0.05768,0.17,5.8
46.2073333,-122.188,1.51,62,0.008296,0.22,5.7
37.5903333,-118.831,6.806,159,0.004505,0.15,6.1
37.6768333,-118.8996667,6.686,55,0.06126,1.35,6
37.5538333,-118.807,11.856,191,0.03964,0.1,6.1
37.6186667,-118.8348333,4.833,182,0.005405,0.04,5.7
37.5206667,-118.8761667,2.063,211,0.08018,0.03,5.7
37.5033333,-118.8055,13.795,183,0.04685,0.12,6.2
32.1998333,-115.1221667,6,233,0.5968,0.62,6.3
38.1383333,-118.3913333,6,333,1.09,0.33,5.52
37.5838333,-118.8645,3.126,83,0.03243,0.07,5.9
36.2316667,-120.312,9.578,137,0.03063,0.07,6.7
40.372,-124.9245,11.188,257,0.4604,0.14,5.5
40.408,-125.6465,8.126,287,1.066,0.23,5.66
37.3096667,-121.6788333,8.193,26,0.05135,0.06,6.2
40.5038333,-125.1303333,4.333,262,0.6063,1.18,6.6
37.4596667,-118.6071667,8.096,66,0.1135,0.08,6.1
37.4321667,-118.6071667,10.516,80,0.02613,0.06,5.5
37.4473333,-118.6476667,5.955,125,0.09009,0.05,5.6
36.143,-120.1563333,15.89,163,0.09009,0.08,5.6
36.8043333,-121.285,8.153,27,0.05946,0.05,5.5
37.4791667,-121.6866667,8.502,65,0.02703,0.06,5.7
37.5666667,-118.4381667,5.044,54,0.08108,0.04,5.9
37.538,-118.4428333,8.804,55,0.09369,0.06,6.4
37.4931667,-118.4538333,8.482,198,0.1126,0.04,5.7
37.6213333,-118.3425,-0.076,296,0.2495,0.05,5.6
37.4731667,-118.3686667,5.754,81,0.05405,0.07,5.8
40.4156667,-124.3826667,16.895,243,0.06937,0.06,5.6
37.0361667,-121.8798333,17.214,89,0.008108,0.08,6.9
38.0618333,-119.1191667,10.903,173,0.3577,0.13,5.8
41.6611667,-125.8455,2.549,296,1.461,0.12,6.1
40.2516667,-124.2858333,8.32,196,0.1063,0.09,6
41.679,-125.856,1.303,295,1.473,0.09,7
40.3353333,-124.2286667,9.856,115,0.1072,0.07,7.2
40.4325,-124.566,18.824,248,0.1802,0.12,6.45
40.3828333,-124.555,21.713,247,0.1901,0.07,6.57
45.0351667,-122.6065,19.608,67,0.2067,0.39,5.6
34.275,-118.493,5.317,142.2,0.2557,0.494,5.89
40.4055,-126.3028333,4.972,271,1.504,0.34,7
40.5918333,-125.7566667,4.622,273,1.089,0.27,6.6
41.9086667,-126.2343333,1.559,270,1.602,0.13,5.7
40.2736667,-124.3791667,23.007,217,0.06036,0.08,5.6
41.0528333,-125.3433333,6.792,245,0.9586,0.15,5.5
37.5296667,-118.8171667,2.934,112,0.05495,0.04,5.5
40.3886667,-125.2385,4.803,228,0.6946,0.29,5.7
31.9976667,-115.0016667,6.981,261.5,0.6721,0.3,5.7
32.3188333,-115.3215,7.007,217.5,0.4751,0.38,5.7
35.7005,-121.1005,8.382,71,0.04685,0.07,6.5
35.8181667,-120.366,8.136,26,0.01622,0.04,5.97
41.1444,-114.8721,7.9,95.21,0.318,0.1855,6.2
32.464,-115.1891667,5.971,205,0.324,0.39,5.8
40.652,-124.6925,28.737,220,0.3225,0.2,6.5
40.4123333,-124.9613333,23.048,233,0.4802,0.19,5.88
32.2861667,-115.2953333,9.987,239,0.5137,0.11,7.2
32.0986667,-115.0481667,10.011,296,0.7811,0.33,5.7
32.705,-115.9113333,8.756,71,0.05832,0.2,5.72
40.1918,-121.0595,9.7,68.4,0.08084838,0.08,5.7
-15.2443,-173.5006,31.65,38,2.132,0.67,6
38.2133,141.8621,56,18,3.355,0.67,5.8
49.6614,-127.4286,10,33,2.563,0.69,5.5
46.9925,145.2582,375.01,10,1.71,0.73,5.8
14.1526,-91.5958,53.88,55,0.991,1.11,5.6
-22.5035,173.8052,10.04,67,5.454,0.84,5.8
-16.8575,167.3184,10,54,4.647,1.29,5.7
-16.9065,167.373,13.54,27,4.592,1.28,5.7
30.0464,97.9565,6,12,5.94,0.94,5.7
-7.1354,129.8088,95,13,1.7,0.68,6
-30.6285,-179.678,340.6,21,7.116,1.01,6.1
10.4577,-86.9354,22.31,49,1.957,0.92,5.5
-5.3962,-81.9268,10,26,3.913,1.27,6.2
-56.5243,-142.3211,10,64,33.635,1.26,5.7
5.7732,-78.1999,12,22,3.741,0.84,6.7
-34.8853,54.0927,10,22,14.84,0.83,6.1
-22.2977,171.6697,92,66,3.476,1.21,5.7
16.8784,-99.498,21,45,0.755,1,6.2
-22.2741,-68.5927,111,35,0.447,1.13,5.8
-22.5179,-175.2417,5,45,9.172,0.93,5.8
-33.4611,57.0446,4.73,61,12.297,0.71,5.8
-27.7829,179.6335,478,22,2.592,1.01,6.2
-19.3503,-179.136,662.37,33,8.705,0.97,5.7
-4.4412,151.6112,203,15,0.604,0.69,5.8
51.537,-175.2297,29,53,0.624,0.89,7
28.2425,99.3502,8,20,4.341,0.83,5.6
51.2381,-174.9407,18,70,0.968,1.17,6
51.3674,-175.2847,25.16,71,1.013,1.49,5.5
-7.44,128.2209,112,11,3.097,1.12,6.5
-29.0334,-176.4039,10.02,47,16.483,0.99,5.7
42.1989,133.6656,445,25,2.345,0.74,5.7
-6.6272,155.1351,35,12,3.821,1.03,5.9
51.244,-130.3971,2.73,44,1.704,0.93,6.1
51.3277,-130.2195,9.85,140,1.565,1.22,5.5
29.9377,138.8325,402,26,3.276,1.02,6.5
51.1832,-130.2245,9.92,70,1.431,0.87,6
51.5573,-174.7671,20,24,0.735,1.07,6.5
51.5733,-174.7888,21,32,0.728,1.25,5.7
51.573,-174.8537,17,46,0.749,1.13,6
15.1836,-45.232,10,24,14.042,0.8,6
10.5988,-86.0997,19,35,1.169,1.43,5.9
-47.0447,33.4751,10,44,17.556,0.63,5.5
20.1721,122.3193,175.23,22,2.874,0.75,5.9
14.6056,-92.1207,66,28,0.331,0.98,6.4
1.3814,122.2235,22.5,23,2.468,1.34,5.6
-4.5472,-104.5783,10.52,53,14.785,0.66,6.1
51.4389,-174.6365,20,40,0.811,1.24,5.9
51.5751,-174.716,24.02,38,0.705,0.83,6.1
-55.8129,-124.156,10,72,29.962,0.84,5.5
22.9341,95.9607,4,30,3.995,0.44,5.7
-7.3308,120.0106,549.92,34,2.315,1.04,6.1
-33.5102,-178.0226,10,27,5.031,1.24,5.8
7.3709,59.5384,4,23,12.632,0.57,5.5
26.951,65.5009,15,17,7.241,0.93,7.7
27.2085,65.5674,10.03,43,7.704,0.79,5.8
27.3125,65.6201,14.48,21,7.513,0.86,5.6
27.131,65.471,10.52,21,7.307,0.85,5.5
-49.9585,-113.7439,10,67,26.063,1.31,6.1
-50.0313,-113.9877,10,41,37.874,1.01,5.5
-15.8385,-74.5112,40,17,4.446,0.9,7.1
14.4361,-93.3857,8.82,82,1.181,1.2,5.5
27.1825,65.5052,12,17,7.359,0.91,6.8
-16.5507,-173.8364,58.94,21,3.293,0.58,5.5
-30.9255,-178.3234,41.54,21,1.709,0.82,6.5
49.4947,-28.5247,10,22,14.319,0.73,5.5
53.1995,152.7864,573,11,2.958,1.2,6.7
11.2277,57.5902,7.89,37,11.987,0.96,5.7
-38.6062,78.3693,12.72,26,20.977,1.14,6.4
12.3115,141.6905,104,12,3.348,0.73,6
-36.7267,-97.4761,10.28,41,20.626,1.33,6.2
-58.8864,149.0414,10,40,7.007,0.89,5.7
-30.6623,-178.4838,151,46,1.492,1.2,6.2
10.9048,-62.315,63,29,1.381,1.06,6
35.5142,23.2523,40,40,1.984,1.21,6.6
0.7452,122.2107,96.63,37,1.861,1.17,5.5
-36.7364,78.7182,4.41,33,22.21,0.45,5.5
3.9633,95.8634,46,40,1.657,1.17,5.6
9.8796,124.1167,19.04,12,3.144,1.3,7.1
9.8331,124.261,6.74,24,3.039,0.62,5.6
9.7931,123.6885,16.01,17,3.289,0.61,5.7
-6.4456,154.931,35,9,5.79,0.94,6.8
26.0913,-110.3209,9.45,44,1.98,1.1,6.6
-56.5117,-25.6931,10,43,6.542,0.55,5.6
-22.9456,-174.7121,11.91,37,6.907,1.37,5.5
-6.3449,154.9657,50,17,5.813,1.07,5.5
-23.0067,-177.1425,160,19,6.252,0.84,6
-30.8285,-178.2171,49.14,35,1.597,1.44,5.5
-58.153,-12.7964,22.87,53,13.711,0.99,6.7
37.1557,144.6611,35,10,3.968,1.01,7.1
-19.3607,-173.728,8.74,26,5.734,0.86,5.7
37.1057,144.6715,10,31,5.04,0.78,5.5
37.0876,144.5734,20.16,28,5.041,0.84,5.5
-61.6949,154.6743,10,32,7.563,0.8,5.9
23.5904,121.4366,10,15,0.234,1.29,6.3
-30.2921,-71.5215,27,31,0.636,1.28,6.6
-23.6357,-112.5956,9.98,35,4.558,0.81,6
-19.1711,-172.6411,10.05,21,5.297,0.72,6.2
-19.2068,-172.3982,10,31,2.339,1.26,5.7
-5.8583,148.8538,88.74,14,3.902,0.88,5.8
-19.2137,-172.5332,4,31,5.324,0.94,5.6
4.6565,123.3471,532,15,3.267,1.42,5.9
-57.8439,-25.714,65.64,45,7.006,0.79,5.5
-22.324,171.5445,98,24,4.733,0.8,5.7
-1.1873,67.6827,10,33,5.567,0.94,5.5
-12.0269,167.1235,10.91,43,7.505,0.74,5.5
-28.3173,-176.7731,10,65,10.101,0.98,5.5
35.9187,139.9684,64.31,41,0.671,1.04,5.6
-54.9278,-130.5733,10,22,31.328,0.75,5.6
54.6859,162.3024,43,20,2.73,0.87,6.4
51.5477,-178.9984,20,33,0.281,0.93,5.8
-60.2814,-47.1233,11.07,23,8.319,1.19,6.1
41.4306,142.177,46,38,0.937,0.81,5.5
-60.2627,-47.0621,9.97,17,8.284,0.84,6.9
-60.2942,-46.4266,10.28,29,8.073,0.96,5.5
4.2077,90.0652,10.01,43,6.933,0.78,5.7
35.6039,140.1529,59.4,40,1.831,0.89,5.5
-60.3474,-46.3687,10,41,8.089,0.91,5.5
-60.2738,-46.4011,10,23,8.05,1.33,7.7
-60.4778,-45.2114,15.57,58,7.79,0.93,5.8
-60.526,-44.3839,10,26,7.568,0.97,5.7
-10.329,-11.8343,10,28,3.087,0.69,5.5
34.3343,137.0475,328,19,1.013,0.75,5.6
2.6403,128.4339,38,19,2.14,1.01,6
8.9147,138.5332,10,19,4.176,0.85,5.9
18.4753,145.2041,511,10,1.848,1.05,6
-63.2943,-164.9357,10.13,78,17.035,0.89,5.7
12.3975,95.1481,10.26,32,7,0.86,5.5
34.4574,45.4824,6,33,0.784,1.37,5.6
5.4216,92.8184,15.61,22,4.115,0.84,5.5
34.3083,45.6105,14,28,0.75,0.9,5.8
-17.1171,-176.5449,371,22,5.194,0.83,6.5
45.5613,151.0047,34,26,5.885,0.66,6
-54.0272,-54.9796,10.01,32,3.007,0.75,5.6
-53.9451,-55.0033,11.78,31,2.935,1.08,7
-53.8708,-53.9107,14.83,58,3.346,0.76,6
-12.5993,-76.2025,76.57,64,0.872,0.73,5.5
-5.8261,150.7634,61.17,22,5.039,1.1,5.5
-7.0269,128.3791,9.87,11,3.046,0.7,6.4
41.6832,-126.8781,10.09,46,2.047,0.94,5.5
2.044,96.8261,20,27,1.049,0.89,6
-21.2849,170.3154,110,21,3.685,1.28,5.6
-53.3147,25.4971,10,36,18.267,0.71,5.5
6.6241,126.1749,30,33,0.738,0.79,5.6
-25.4464,178.253,574,18,5.083,0.74,5.7
44.4438,149.1667,28,26,4.726,0.99,6
13.1334,-89.0898,67.59,41,0.567,0.95,5.6
35.6544,140.6546,42,40,0.443,0.84,5.5
-58.6854,149.3456,6.67,94,6.763,0.94,5.5
-46.0838,165.9893,11.37,49,1.023,0.65,5.8
-20.7074,-178.6609,601.97,18,4.28,0.99,5.7
20.7727,146.7903,9,14,4.162,0.81,6.2
-6.9084,128.3228,10.63,15,3.138,0.85,5.7
35.6065,140.6497,35.36,42,0.405,0.75,5.5
-22.2795,171.7306,122,94,4.904,1.2,5.5
-46.4494,96.133,9.87,48,21.036,0.91,5.5
-46.4386,96.0153,10,48,21.099,1.12,5.6
35.688,142.1406,8,43,1.538,1.28,5.6
12.7711,143.036,92,17,1.961,0.85,5.8
-56.4333,-142.5413,10,27,27.48,1.48,5.6
36.028,31.31,40.7,26,1.34,1.08,5.9
-1.3673,-15.1711,10.23,15,6.571,0.95,5.8
-18.2012,-174.3201,95.83,16,4.255,0.6,5.9
20.7553,146.6663,11.82,16,4.12,0.58,5.6
-5.605,153.9863,24,23,7.03,0.98,5.5
1.2996,126.2455,42.94,25,1.237,0.86,5.7
19.1181,120.2719,10.95,21,3.757,0.9,5.7
-13.8633,167.249,187,14,3.997,0.76,6.5
36.9704,143.3822,22,46,4.176,0.7,5.5
4.557,-76.644,53.91,21,2.332,0.65,5.5
-4.5306,-106.0719,10,45,16.226,1.04,5.7
-20.7495,-70.633,20,36,1.345,0.73,5.7
-11.5917,166.5235,58.01,35,6.811,0.74,5.8
-31.3131,-179.5728,211,22,2.504,1.01,5.6
14.6437,-92.0592,78,68,0.329,1.37,5.5
19.0428,-66.8096,20,21,0.572,1.22,6.4
51.1701,-179.2252,27,70,0.681,1.14,5.5
-40.6595,175.8144,28,29,0.329,0.95,6.1
-15.1443,-174.6812,6.12,45,3.068,0.89,6.1
-15.1091,-174.6902,11.34,51,3.062,0.81,5.5
-20.4871,172.5205,10.03,60,4.819,0.69,5.6
-7.1045,120.3147,579,30,4.714,0.94,5.5
13.3556,146.1336,7,17,1.252,0.93,5.8
13.3936,146.1758,10,25,1.286,0.92,5.7
-7.9855,109.2653,66,20,1.248,1.45,6.1
38.2082,20.4528,8,36,1.555,0.81,6.1
38.2889,20.5649,10,82,1.567,1,5.6
-19.2592,-63.9189,600.21,28,4.234,0.85,5.6
-9.5949,161.2282,41,16,1.272,0.7,5.6
-18.5087,-69.3735,120.03,26,0.653,1.13,5.6
-56.8269,-27.3391,129.97,23,5.783,0.79,6.1
-11.4671,166.2799,45.95,36,4.056,0.67,5.7
-32.9076,-177.8806,44.26,22,3.651,1.28,6.5
-4.8976,153.7404,109,19,1.721,1.02,5.6
-7.1916,128.1716,7.05,17,3.198,1.39,5.8
-61.3939,154.4542,10,32,7.316,0.99,5.9
-20.3954,169.2569,48.18,58,2.778,1.09,5.5
-11.5493,166.4025,50.23,34,3.951,0.68,5.5
-15.0691,167.3721,122,20,0.409,1.15,6.5
-60.4256,-45.1914,23.93,45,7.744,0.85,5.7
-5.9651,154.435,41.8,15,2.867,0.93,6
-8.2076,124.5284,18.6,40,1.559,0.94,5.5
35.9053,82.5864,10,18,7.496,0.83,6.9
35.8221,82.4667,10,29,9.192,0.93,5.7
-20.6254,169.8532,12.34,34,3.209,0.71,5.6
-22.9553,-114.3303,12,35,14.562,1.08,5.6
18.5285,120.4305,20.23,43,0.971,0.93,5.5
-34.7981,-179.4181,27.01,57,3.316,0.71,5.6
14.6682,-58.9272,14.83,30,1.635,0.94,6.5
-4.9229,153.7758,112.21,13,1.763,0.89,5.8
-14.1648,-75.5997,57.04,18,2.479,0.65,5.9
-60.2444,-47.2746,10,54,8.351,0.99,5.5
4.1306,62.8765,4,74,10.735,1.31,5.6
4.1326,62.6332,10,65,11.296,0.9,5.6
4.0592,62.5996,10,102,11.218,1.26,5.5
4.2246,62.5227,10,40,11.099,0.92,5.5
53.6047,-171.821,265,30,1.845,1.15,6.1
12.5559,-87.6879,60,38,0.436,1.43,6.2
-6.2859,154.8444,45,16,3.384,1.06,5.8
27.4312,127.3674,119,17,1.001,0.97,6.5
14.1833,-93.1535,18.47,62,1.121,0.91,6
-33.6046,-71.957,20,41,1.007,0.82,5.7
-14.7378,169.8234,638,19,7.967,0.89,6.3
-14.7947,167.2548,109.6,35,7.278,0.87,5.6
-5.7523,154.1211,33,17,2.491,1.48,5.6
-28.152,-176.6437,27,44,1.568,1.37,5.7
1.6575,-79.3537,6,62,1.674,0.84,5.6
16.0414,-98.3358,8.41,82,1.528,0.7,5.8
40.8287,-125.1338,16.6,230.4,0.65577016,0.15,6.8
-5.4804,147.9554,260,11,3.464,0.88,5.9
-60.8623,-19.9775,10,48,10.949,0.82,6.4
-3.0856,148.5531,7,17,1.574,1.22,6.1
-23.5928,-175.0857,14.88,77,8.664,1.31,5.6
33.6842,131.8249,79,12,0.969,1.28,6.3
41.9039,-126.8982,10,63,2.013,1.14,5.5
7.7631,94.3128,10,62,3.631,0.95,5.5
-53.5105,25.2378,11.29,33,18.459,0.69,5.5
-14.0848,-76.3113,20,71,2.147,1.04,6.1
-5.5745,-80.9709,29,48,2.993,1.22,6.3
-19.9807,-70.7022,20,44,1.008,0.83,6.7
-20.0168,-70.8837,21,24,1.183,1.09,6.4
-53.1677,-32.3157,5.96,24,2.719,0.82,5.8
-19.9262,-70.7961,3.32,80,1.086,1.2,5.8
-5.298,152.9064,20,16,1.325,0.67,5.8
24.109,122.2613,20,14,0.612,0.91,5.8
-27.8839,-177.1289,30.73,27,1.527,0.81,5.8
-60.731,-25.3287,10,43,8.813,1.1,5.5
-5.251,152.7899,26.15,13,1.223,0.74,5.6
-5.1882,152.8343,27,25,1.194,0.78,5.8
7.7448,94.3342,21.54,35,3.604,1.14,6.4
7.5417,94.2698,10,37,3.515,1.1,5.5
-19.7625,-70.874,20,82,0.726,0.81,6.2
-19.7163,-70.9515,17,80,0.789,1.43,5.6
-20.6741,-178.8113,606.87,18,4.155,0.76,5.9
-19.6899,-70.8538,21,82,0.695,0.85,6.3
-19.8239,-70.7651,22,82,0.645,0.7,5.7
-19.8288,-70.8824,15.19,80,0.751,0.63,5.6
-19.5932,-70.8207,17.05,80,0.657,1.05,5.7
-26.1692,179.2877,495,22,3.933,0.64,6.3
28.19,131.5108,10,29,3.176,0.71,5.5
-12.0989,166.5894,98,28,7.04,0.73,6
-29.1646,-68.7459,10,24,1.717,0.71,5.7
11.6487,-86.5532,46,58,1.387,1.48,5.6
-17.0544,-176.7788,10,72,4.982,1.42,5.5
-0.848,-21.9196,12,50,10.308,0.82,5.9
-8.3029,146.9838,4,18,1.108,0.86,5.6
-19.6097,-70.7691,25,23,0.609,0.66,8.2
-19.8927,-70.9455,28.42,119,0.828,0.93,6.9
-19.4928,-70.166,21.61,97,0.111,0.74,5.8
-19.7831,-70.719,20.72,52,0.591,0.6,5.7
-19.548,-70.7269,10,107,0.571,1.04,5.6
-19.7029,-70.9445,10,96,0.781,0.8,5.6
-20.0759,-70.8325,16.53,129,0.82,0.83,5.5
7.94,-82.34,25,43,2.694,0.95,6
39.1648,141.8049,58.06,73,3.027,0.99,5.5
-20.3113,-70.5756,24.07,82,0.828,0.62,6.5
-20.5709,-70.4931,22.4,44,1.029,0.82,7.7
-20.7468,-70.531,10,82,1.019,0.91,5.5
-20.6403,-70.7332,10,82,1.185,0.83,5.5
-20.7969,-70.5865,25,35,1.056,0.98,6.4
-5.2416,102.2802,44.12,38,1.104,1.02,5.7
-20.6426,-70.654,13.71,43,1.153,1.01,6.3
-10.5365,161.7027,57,20,2.044,0.88,6
37.2833,23.8711,107,26,1.556,0.84,5.6
-32.7997,-71.5803,40.18,65,0.506,0.7,5.6
-20.1273,-70.8513,8,29,0.864,0.79,5.7
-20.5124,-70.9226,6,95,0.783,1.34,5.6
-49.854,-114.2804,10,49,26.425,1.45,5.6
-19.2441,-173.371,4,45,5.52,0.69,5.8
12.4029,-86.3783,13,31,1.254,0.96,6.1
-20.659,-70.6472,13.77,44,0.489,0.8,6.2
-6.5858,155.0485,60.53,21,3.729,0.88,7.1
-6.7878,154.9502,20,16,3.787,1.37,6.5
-6.8795,154.9753,9.64,18,3.868,0.63,5.7
-6.7203,154.9626,20.07,28,3.751,1.01,5.7
11.642,-85.8779,135,20,0.761,1.35,6.6
-7.1033,155.238,20,24,4.21,1.07,6.1
-7.1799,155.0491,10,37,4.13,1.02,5.8
-11.2701,162.1481,22.56,13,2.828,0.71,7.6
-11.3677,162.237,31.69,20,2.957,0.56,5.8
-11.2753,161.9895,12.45,45,2.714,0.82,5.6
-11.2941,161.9782,4,46,2.718,0.93,5.7
-20.5664,-70.747,13.37,82,0.611,1.05,5.5
-11.4633,162.0511,39,17,2.885,1,7.4
-11.4721,162.3912,10,22,3.14,0.82,5.7
-11.21,161.9284,10,21,2.626,0.62,5.6
-11.1284,162.052,10,22,2.666,0.84,6.6
-11.2397,161.8756,20,38,2.608,0.97,5.8
-11.3052,161.8184,5,44,2.613,0.98,5.6
-53.4967,8.722,11.18,27,18.877,0.74,6.8
-36.0868,-101.2428,10,56,11.28,0.77,5.6
4.5162,122.9351,572.92,42,3.654,0.81,5.8
-55.0442,-129.5313,10.43,35,32.453,0.99,5.6
-62.8705,155.7431,20.56,35,8.561,1.04,6.2
-11.1387,164.8139,10,19,5.078,0.78,6.1
17.397,-100.9723,24,46,2.25,1.2,7.2
-62.7789,155.5194,9.59,38,8.494,1,5.8
-6.6558,155.0869,29,11,3.803,0.94,6.6
-6.7547,155.0241,43.37,16,3.82,1.25,7.5
-7.0167,154.7155,35,87,18.578,1.04,5.8
-6.9524,154.8133,35,31,5.65,1.13,5.6
-20.0283,-70.9196,10,80,0.863,0.92,5.8
-6.9778,155.0116,40.63,19,3.961,0.99,5.5
-7.1646,155.3351,20,16,4.322,0.79,6.2
-26.5546,-115.0222,10,39,5.113,0.89,5.9
-6.832,154.546,11,49,3.536,1.01,5.8
-6.2237,154.4348,27,17,3.031,0.86,5.6
-6.6311,154.7467,13.93,17,3.533,0.9,5.6
-24.0058,-176.6671,63.11,35,5.338,1.01,5.9
-56.3998,-143.7774,10,53,28.147,1.31,5.7
-20.752,-174.7068,45,21,7.357,0.86,6.1
-1.1669,-13.4579,10,42,6.695,1.15,5.7
-21.4542,170.3546,106,10,3.34,0.89,6.6
1.9623,97.9671,37,26,0.762,0.99,5.9
-18.6007,-175.3952,13,50,5.2,0.94,5.6
-3.8148,127.4008,46.58,23,4.555,1.01,5.7
37.852,144.2342,15.97,17,4.239,0.67,5.6
22.276,144.0124,89.55,15,5.078,0.8,5.6
-24.6108,179.0856,527,19,5.329,1.05,6.6
-25.8072,178.2401,634.21,20,4.826,1.11,6.3
34.9118,139.4186,153,15,1.813,0.95,6
19.6557,99.6696,6,18,1.081,0.56,6.1
-36.1703,-97.054,16.83,26,13.799,0.87,6.3
-6.9599,154.9011,10,17,3.871,0.71,6
17.2349,-100.7461,17.09,55,0.494,1.12,6.4
-18.9616,-175.5359,192.3,17,5.307,0.97,5.9
17.2192,-100.8122,23,47,0.548,1.3,6
-3.4336,146.1109,10,25,5.476,0.76,5.9
-47.8539,99.689,10,50,19.336,1.18,5.8
-13.8826,167.2398,189.08,27,8.179,0.87,5.6
-49.9403,-114.7995,10.47,35,23.164,1.16,6.5
7.2096,-82.3045,10,33,3.121,1.33,6.5
-22.7239,-66.4407,213.12,23,2.284,0.84,5.6
6.4507,144.9238,10,38,7.093,0.81,6.1
6.4264,144.9363,11,10,7.118,1.18,6.3
9.3832,122.0604,15.46,15,4.172,0.97,6.3
-22.5327,172.9979,9,37,6.086,0.91,5.5
17.0863,-60.3648,5.34,27,1.012,0.67,5.9
-23.4456,-68.5388,104.95,24,0.888,0.84,5.5
-19.9874,-70.8968,5.62,51,0.825,1.04,5.6
-54.2473,-146.6847,5,17,28.123,0.66,5.7
-56.2451,-27.534,90,21,5.484,0.68,5.5
-14.6681,-175.53,10,44,3.715,1.34,5.7
4.2485,92.7574,35,19,4.287,0.71,6
-21.3041,169.8451,62.04,24,3.254,0.86,5.6
-14.8047,-175.9032,10,50,6.498,0.86,5.6
3.1506,93.8608,4.78,30,3.706,1.3,5.5
-4.4173,-105.9421,10,73,16.074,0.92,5.8
-4.7721,-105.5478,10,122,23.238,0.98,5.5
-57.0334,-25.1486,10,49,6.981,0.9,5.7
23.7553,121.5005,13,19,0.406,0.84,5.6
18.2012,88.0376,47.23,38,5.59,0.63,6
-55.3968,-28.2771,7,39,4.875,0.74,5.5
24.9737,97.8437,8,24,4.443,0.98,5.8
18.9494,145.0446,558.07,15,5.332,0.78,5.7
45.0099,-27.8369,10,14,6.291,0.67,5.5
16.526,-98.141,17,79,0.133,1.11,5.7
40.2893,25.3889,6.43,25,0.402,0.67,6.9
0.6863,-26.3229,10,38,11.547,0.56,5.9
18.045,-68.3509,90,262.8,0.46712395,0.41,5.8
24.9997,97.845,10,18,4.441,0.86,5.9
-55.3059,-128.5812,11.29,33,32.416,0.84,5.5
9.3864,126.4726,14.53,82,2.465,1.13,5.7
18.7876,-107.469,5,69,3.574,0.64,6.2
2.017,89.7759,20,14,7.828,0.95,5.7
-54.966,-129.6226,13.14,78,29.863,0.79,5.6
59.0268,-136.7479,12,22,0.472,0.75,5.7
-29.1504,-112.4834,10,41,3.434,1.02,5.9
-14.8641,-175.0007,15.33,36,3.264,0.86,5.5
40.3731,51.5739,30.51,37,5.64,0.74,5.5
50.6829,157.0663,41.06,95,2.459,0.78,5.5
-46.0293,-13.8844,6.42,33,9.03,1.08,5.8
36.4544,70.7174,200,22,0.679,0.83,5.6
-10.1229,91.0921,4,23,5.998,0.85,6.5
39.4384,140.9876,92,15,3.056,0.67,5.5
36.6041,141.7237,15.87,48,2.829,0.78,5.5
37.0961,141.1141,45,58,2.395,0.83,5.6
1.6444,-79.2557,14.97,51,4.802,0.98,5.7
-19.9749,-70.9451,11.3,82,0.86,1.17,5.7
-13.5585,166.8278,36,19,1.912,1.12,6.2
-19.841,-70.8701,10.6,43,0.744,0.88,5.8
-19.8027,-70.9223,12.75,80,0.78,0.99,5.6
-19.8101,-71.0037,12.25,44,0.856,0.79,5.8
-29.9772,-177.7247,20,35,0.751,0.99,6.9
-29.9379,-177.5159,10,30,0.778,0.97,6.5
-29.9414,-177.6073,26.59,43,0.748,0.76,6.7
51.8486,178.7352,109,22,0.133,0.71,7.9
51.8246,178.4767,105.92,53,0.143,0.53,5.7
-30.1701,-177.1876,10,141,1.125,1.43,5.6
51.9558,178.4563,102.85,24,0.034,0.65,6
51.9357,178.4288,101.88,23,0.052,0.75,6
-30.1522,-177.5733,10,48,0.955,0.9,5.6
-29.9669,-177.2485,10.66,44,0.932,0.56,5.9
51.9593,178.5844,106.6,24,0.008,0.72,6
51.9091,178.4438,100.3,22,0.057,0.71,5.8
52.2045,176.6981,4,21,1.145,0.69,6.3
52.2488,176.4606,11,42,1.297,0.85,5.7
24.3877,142.6278,48,11,2.726,0.66,6.2
-55.4703,-28.3669,8,25,4.838,0.76,6.9
-55.4067,-28.106,10,32,4.973,0.78,5.8
-55.3584,-28.1075,10,28,4.964,0.64,6
-14.7798,-175.2589,9,47,3.483,1.43,6.4
-14.9831,-175.5096,18,45,6.713,1.39,6.7
-15.3533,-175.6595,10,47,6.481,1.11,5.9
0.0541,-17.3427,10,42,8.472,0.55,5.6
28.3404,138.8441,511,13,3.21,0.64,6.2
-56.62,-141.7836,10,70,31.96,0.71,5.6
-62.3014,155.1868,10,36,8.07,1.29,6
55.2568,166.9008,7.61,42,4.945,0.71,5.7
55.2557,166.8841,6,31,4.953,0.92,5.8
52.1253,178.4648,116.13,17,0.159,0.81,5.7
-30.4601,-176.4451,35,13,1.768,0.68,6.3
-7.0168,155.9036,38.82,41,4.661,1.02,5.5
-6.2304,152.8075,20,15,2.124,1.06,6.5
39.648,142.0802,50.31,17,2.501,0.72,5.7
1.9335,96.9388,20,16,0.892,0.73,6
-21.1445,173.9522,8,83,5.138,0.94,5.8
14.724,-92.4614,53,51,0.263,1.38,6.9
42.6676,141.3472,10,36,1.492,1.05,5.5
-17.6864,168.3982,110.24,23,2.504,0.94,6.2
-62.1149,164.919,10,36,15.512,0.76,5.8
37.0052,142.4525,20,9,2.421,0.75,6.5
-55.4163,-27.9709,6,32,5.051,0.82,5.6
-55.3411,-27.9186,10,44,5.068,0.76,5.6
-4.0484,151.2699,10,37,6.705,1.12,5.8
-20.2585,-70.3475,33.12,83,0.343,1.14,5.5
-8.8188,111.2529,52.51,44,1.154,1.23,5.5
5.7144,126.4776,20,44,1.615,1.07,6.3
-4.1115,151.3872,10,15,0.778,1.32,5.8
-4.1972,151.3845,10,12,0.777,1.24,5.7
-4.1785,151.3765,10,25,0.785,0.84,5.6
-15.8239,-174.4517,227.27,23,3.21,0.65,6.2
11.7448,57.6382,10,51,3.652,1.21,6
44.6419,148.7838,61,16,4.468,1.07,6.2
-19.8015,-178.4001,615.42,15,3.934,0.96,6.9
-20.2267,-68.6776,118.73,32,0.455,0.75,5.6
58.3062,-136.9601,10,28,1.14,1.36,6.1
-60.0379,-18.6749,10,45,11.239,0.69,5.8
23.724,-45.5809,10,43,16.915,0.71,6
7.5014,136.769,5,22,9.963,0.59,5.6
-6.9216,143.873,10,11,4.083,0.82,5.6
17.6818,-95.6533,107,43,0.94,1.54,6.3
-3.422,146.769,9.77,14,5.436,0.86,6
35.3766,-36.2607,10,65,5.67,0.77,5.5
-7.1633,154.8448,10,28,3.979,0.7,5.9
12.4337,95.2033,10,61,2.527,0.98,5.8
36.8561,3.181,10,36,2.608,0.9,5.5
-9.1421,67.337,10,55,5.296,0.87,5.5
-55.4278,-28.3088,7.24,46,4.863,0.93,5.6
0.8295,146.1688,13,12,6.393,0.93,6.9
0.9871,146.2597,14.87,22,6.553,0.76,5.7
28.0487,128.0642,10,23,1.222,0.89,5.7
27.1891,103.4086,12,13,2.143,1,6.2
-7.2741,128.0364,10,16,3.309,0.89,6.2
41.1585,142.1309,41,24,2.978,0.7,6.1
5.8688,127.1348,78,27,1.952,0.75,5.6
27.6814,-111.6319,10,78,0.65,1.29,5.5
-29.9735,-176.0965,10,63,1.753,1,5.5
-41.3326,-84.9562,10,138,10.297,0.78,5.5
13.9091,144.9757,98,19,0.334,0.82,5.6
-3.4459,145.4342,30.29,33,4.813,0.64,5.6
32.5827,47.7037,5,29,6.858,0.63,6
52.5074,175.3783,5.19,29,0.809,0.87,5.5
-59.1064,-17.1165,10,55,11.675,0.5,5.5
-5.2854,150.6889,8,18,1.828,0.52,5.9
-6.5859,146.8182,10,16,2.82,1.24,5.5
-20.1745,-69.0385,100,38,0.113,0.64,5.6
-32.6953,-71.4416,32,30,0.454,0.88,6.4
38.2151667,-122.3123333,11.12,28,0.03579,0.18,6.02
-55.323,-28.5152,10.5,29,4.729,0.97,5.5
-14.598,-73.5714,101,18,4.107,0.9,6.8
-16.126,-73.1133,62,38,3.463,0.69,5.5
-15.5674,-177.8307,10,37,4.5,0.62,5.6
-15.0455,167.3911,115.25,23,0.438,0.62,5.9
32.0864,132.0682,20,18,1.443,1.27,5.8
-41.8341,84.8674,10,57,6.913,1.01,5.5
64.681,-17.495,0,49,1.646,0.7,5.5
-15.0604,-173.3796,6,36,5.181,1.19,5.8
-15.0246,-173.5213,10,59,2.02,1.14,5.5
-14.8901,-173.0278,10,27,1.555,0.75,5.7
-26.6424,-114.7393,10,34,4.851,0.58,5.9
-21.3869,-173.3232,35,21,3.93,0.86,6
-26.708,-114.2499,14,35,4.408,0.71,5.8
-26.6478,-114.5,7,33,4.637,0.57,6.1
-26.7652,-114.4718,10,63,4.599,0.7,5.9
18.7529,-107.0488,17,85,5.572,0.81,6.2
64.5442,-17.395,4.98,19,1.704,0.64,5.5
-0.2422,125.104,35,28,2.463,0.52,6.2
-0.1835,125.1251,30,23,2.434,1.15,5.9
-0.2002,125.0922,40.82,26,2.466,1.06,5.6
64.5728,-17.3974,10,30,1.699,0.88,5.5
-6.308,151.7171,28.07,19,2.149,0.49,5.5
36.0873,139.8502,49.94,32,0.31,0.71,5.5
13.7641,144.4294,130,11,0.46,0.84,6.7
50.5415,150.1349,500,32,5.348,0.32,5.5
-0.7667,134.3003,11.84,16,2.962,0.87,5.5
27.9401,139.597,491.15,27,2.447,0.73,5.5
-56.0228,-27.7792,109.33,26,5.289,0.6,5.7
-5.3952,151.7372,57.23,15,1.269,0.62,5.5
-23.8009,-66.6321,224,25,2.407,1.19,6.2
-9.4618,156.4122,4,21,3.488,1.25,6.1
12.5193,95.2254,20.22,18,2.574,0.69,5.5
-19.1319,-176.3434,10,80,5.495,1.02,5.7
64.5075,-17.315,10,30,7.307,0.86,5.6
1.6025,67.7354,10,21,10.115,0.75,5.5
-17.8303,-178.5952,572.19,18,3.194,0.66,5.5
-6.0706,149.5329,42,19,3.217,0.61,6
52.3188,158.0527,143,24,0.793,0.88,5.7
40.1565,142.7657,30,20,1.88,0.79,5.5
11.3267,122.1187,19.45,39,2.99,0.64,5.5
-49.7979,125.7688,10,34,16.364,0.9,5.5
15.4121,147.2265,4,17,1.389,0.77,5.7
64.5298,-17.1994,4,44,1.79,0.66,5.5
23.3834,100.4702,8.51,23,2.7,0.8,6.1
23.8441,-108.3311,10,50,1.868,0.32,6.1
30.3137,-41.8857,10,28,19.588,0.53,5.6
-32.1082,-110.8112,16.54,22,5.127,0.43,7
-32.0953,-110.8647,10,32,5.127,0.43,6.6
-32.6135,-111.656,10,36,5.827,0.72,5.7
-31.9909,-111.1953,10,37,5.111,0.89,5.7
-32.1648,-110.836,10,31,5.187,0.74,5.6
41.0272,143.1649,22,28,0.987,0.72,6.1
57.282,-33.2667,10,23,7.344,0.63,5.6
-46.2066,165.9628,20,46,0.5,0.75,5.8
12.5262,-88.1225,40,18,1.078,0.7,7.3
-34.8164,179.864,14.21,52,3.015,0.51,5.7
64.4814,-18.0043,10,75,1.456,0.97,5.5
32.5273,47.8065,10,44,6.951,0.65,5.7
31.7863,140.5047,60,29,1.448,0.69,5.5
-3.3258,150.8427,10,46,1.573,1.06,5.8
-61.9473,161.3242,10,37,7.574,1.18,5.7
0.6623,-77.8895,10,27,0.702,0.95,5.6
-63.4595,169.6619,10,21,14.342,0.98,5.6
27.4158,128.5533,43,19,0.629,0.95,5.8
-10.5571,-74.0836,125,46,3.056,1.01,5.7
9.7575,126.7514,46.09,37,2.911,1.12,5.5
-15.2954,-174.6752,8,45,5.892,0.55,6
-6.9881,117.5894,535,21,2.91,0.76,5.7
-31.9202,-111.107,10,38,5.02,0.63,5.8
-31.852,-111.2436,10,36,4.994,0.98,6
-19.6903,-177.7587,434,13,4.415,0.84,7.1
-61.2203,154.2778,10,42,7.185,0.91,6
4.6657,-32.6801,10,55,10.908,0.97,5.5
-41.7317,79.9602,10,17,4.34,1.15,6.3
4.78,95.0654,39,21,1.927,1.08,5.5
-5.9873,148.2315,53.19,13,3.557,0.91,6.6
-22.773,171.4529,7,22,4.686,1.01,5.9
-30.0426,-177.8549,29,54,0.797,0.89,5.7
1.1343,-85.3828,10,86,5.221,0.73,5.5
-15.2155,173.0845,10,44,5.389,0.98,6
-18.4981,169.1149,211,24,3.542,0.89,5.5
1.8929,126.5217,45,18,1.397,0.71,7.1
1.6728,126.2983,44.94,59,1.393,1.18,5.9
-0.1448,123.8891,90.28,14,1.429,1,5.9
1.7859,126.5628,35,28,1.288,0.93,5.5
-37.6478,179.6621,22,25,1.079,0.49,6.7
-9.5484,155.1391,10,14,4.744,0.89,5.8
-36.0008,-102.1971,19.08,37,10.735,0.81,5.5
-46.3484,33.8037,10,19,12.473,0.69,6.1
7.484,94.359,6.61,23,3.411,0.43,5.6
1.8693,126.4751,30,19,1.408,0.87,5.8
37.3226,141.6082,32,51,0.848,0.47,5.6
23.5081,93.5148,49,10,2.546,0.78,5.6
20.6545,120.0724,4,21,2.347,0.76,5.8
2.2999,127.0562,35,9,1.549,1.16,6.5
30.3398,101.7374,9,24,5.271,0.72,5.9
36.6408,137.8875,9,19,0.271,0.98,6.2
45.8977,27.1505,32,13,0.149,0.86,5.6
-5.9626,154.9618,170,21,3.296,0.82,5.6
30.1884,101.7618,9,19,5.119,0.61,5.6
1.9604,126.5751,39,19,1.421,1.19,6.8
1.8122,126.4582,30.39,20,1.375,0.78,5.6
5.7314,61.381,10,53,9.936,1.24,5.6
2.3835,127.0084,37,19,1.64,0.81,5.8
-48.8526,164.4453,21,78,3.085,1.11,5.7
6.1572,123.1261,614,9,2.6,1.32,6.6
-2.9324,122.423,10,25,1.91,1.2,5.5
23.3363,100.4736,11,20,2.728,0.89,5.6
23.3577,100.533,10,19,2.673,0.71,5.6
7.9824,-82.7339,15,37,2.424,0.97,6
-6.11,130.4829,116,10,2.029,0.74,6
-6.5108,154.4603,23,12,3.246,0.72,6.6
-6.4606,154.2587,10,18,3.071,0.89,5.6
13.7465,-91.3822,28,28,0.83,0.85,5.9
13.6717,-91.4731,32,54,0.874,0.48,6.1
7.9401,-82.6865,20,43,2.485,1.01,6.6
50.3161,158.0836,47.13,54,2.734,0.83,5.6
1.5378,126.232,40.71,25,1.366,0.54,5.7
25.5403,122.4503,256,10,1.031,0.77,6.1
-56.7511,-25.4248,10,43,6.751,0.95,5.5
-18.9043,-176.4443,316.37,29,5.352,0.99,5.8
-3.8295,100.1432,10,27,2.854,1.26,5.9
-56.6279,-25.3698,10,33,6.745,1.09,5.5
16.1951,-61.8091,118.07,30,1.586,0.72,5.6
37.4017,141.5534,31.31,19,0.765,0.76,5.9
2.0892,126.6483,41,19,1.492,0.98,6.3
-54.1054,-146.0942,14,25,28.439,0.79,5.8
-56.3004,147.2567,10,49,6.904,1.05,5.5
-56.3945,147.336,4,43,6.878,0.93,5.9
6.5189,-82.3463,10,57,3.876,0.9,5.9
-17.9261,-179.49,621.76,27,2.347,0.74,5.5
8.6341,121.5213,8,35,4.31,1.17,6.1
-56.659,-24.8509,19.03,27,7.03,0.81,5.6
-20.3263,-178.5639,599.28,25,4.103,0.73,6
-4.4378,144.002,123,14,3.805,1.12,5.8
13.7483,120.6673,110,30,8.78,0.96,5.5
6.5739,60.3653,10,56,8.627,0.88,5.5
-43.0546,171.2364,8.06,44,0.646,1.24,5.6
55.2049,163.2446,10,73,3.476,0.63,5.6
5.9045,-82.6576,8,61,4.318,1.17,6.5
-61.6118,161.3346,10,37,7.244,0.77,5.7
-5.655,68.3613,10,40,4.423,0.7,5.6
-21.6328,-68.5339,108.78,30,0.678,1.13,5.5
14.7709,120.2456,59,21,8.042,0.72,5.9
15.4767,-93.3808,75,47,0.275,1.25,5.5
-5.587,133.9223,20.91,18,3.131,0.82,5.6
-22.237,-63.1461,557.17,26,5.347,1.15,5.6
-5.7726,131.8634,56.76,36,2.266,0.78,5.5
51.9238,179.578,102,24,0.026,0.75,5.5
-35.4555,-105.7571,8.32,76,8.847,0.93,5.7
4.6079,119.7571,11,23,1.376,0.74,5.5
14.9801,-91.4588,154,27,0.338,1.2,5.5
-5.6549,146.3279,49,12,3.734,1.05,5.7
-17.0309,168.52,219.96,13,2.019,0.71,6.8
-54.6751,-136.7703,10,155,35.495,0.63,5.6
1.3368,97.2402,12.58,25,0.336,1.08,5.7
-20.9665,-178.3032,484.12,19,4.701,1.11,6.2
40.3178333,-124.6066667,17.17,230,0.2465,0.13,5.73
-19.2852,-174.171,39.77,22,4.016,0.7,5.6
-21.2452,170.158,7.08,21,3.551,1.06,6
15.241,147.1244,5,12,1.279,0.83,5.5
-12.3801,166.7543,176.66,28,3.079,0.57,5.5
-21.2735,170.2648,7.64,49,3.641,0.83,5.7
-49.3181,-8.1198,10,112,22.56,1.12,5.6
-1.539,145.2141,14,12,2.208,0.73,5.9
-32.7183,-67.1231,172,16,1.766,1,6.3
52.2224,-168.6035,14,55,0.766,1.08,5.5
-25.7381,-175.8779,19,52,3.939,1.25,5.5
5.222,-82.6217,3.95,63,4.794,0.39,5.7
-2.4318,119.3699,37.28,34,2.593,0.67,5.6
-23.5605,-66.7204,202.49,25,2.227,0.91,5.5
-23.1125,-66.688,223,16,2.11,1.02,6.7
-65.5984,-179.601,10,78,12.967,0.74,5.8
19.3552,-105.7405,41.67,92,1.356,1.12,5.5
52.6487,-31.9016,16.68,17,11.262,0.79,7.1
22.6374,121.427,30,14,0.367,1.09,6.2
-55.52,-28.2591,13,30,4.908,0.91,6.2
39.8558,142.8808,23,20,1.925,0.94,6.7
40.1095,141.8914,47,40,1.149,0.43,5.5
39.5696,143.5829,10,58,2.464,0.61,5.5
8.3227,-103.159,5,80,11.411,1.29,5.5
8.285,-103.0536,10,104,10.204,1.28,5.5
-10.7598,164.1216,10,14,4.314,0.67,6.1
-53.4419,159.3522,10,59,1.084,0.98,5.5
-16.4311,168.1483,10,33,1.335,1.02,6.4
39.8244,143.5871,10,16,2.212,0.75,6.2
39.8185,143.4861,7,44,2.208,0.55,6
2.7299,-76.5012,149,29,3.024,0.96,5.5
18.6766,-106.848,5,70,5.399,0.7,6.2
39.6546,143.1982,20,19,2.238,0.46,5.8
6.0816,119.8398,9,27,1.609,0.93,5.7
31.0659,141.8201,9,34,2.659,1.28,5.9
-7.2968,122.5348,552.06,12,1.362,1.12,7
16.9041,145.8303,20.09,40,0.571,0.86,5.7
0.0241,124.4702,62,18,2.001,1.03,5.6
13.4392,-90.9992,20,63,1.272,0.96,5.5
-59.561,-150.6522,13,70,30.578,0.97,5.5
-0.7789,98.7161,28,22,2.362,0.91,6.1
-41.3157,80.6046,10,26,4.225,0.9,6
50.5075,-173.29,10,67,1.789,1.04,5.6
-6.5331,151.7342,22,13,2.365,0.78,5.6
6.5308,-82.6541,11,61,2.318,1.23,5.8
6.7757,-72.9875,155,13,2.332,1.18,6.2
-22.2789,-176.3784,112,40,6.828,0.76,5.5
18.7532,146.4233,46,22,5.347,0.83,5.8
-0.5409,122.3067,31,16,0.681,1.02,6.1
-4.0737,152.0288,196,16,0.178,0.95,5.9
-17.8236,-178.5653,555.93,25,3.223,1.1,5.5
1.6686,126.5217,44,18,1.227,0.85,6.2
-36.1167,-73.5219,13,34,0.828,0.77,6.2
-4.7852,154.8778,23.96,36,2.769,1.18,5.6
13.2251,145.7186,10,15,0.903,0.85,5.5
-18.3534,-69.1663,130,35,0.324,1.3,6.4
23.7235,121.75,35,19,0.47,1.14,5.5
-1.2012,-77.5836,195.03,25,1.671,0.68,5.5
-22.2167,-68.6175,112,43,0.478,0.78,5.6
-18.2822,176.7927,8,63,1.312,0.78,5.5
0.4002,121.9895,118,12,1.399,0.88,5.9
1.6535,126.4846,45.05,31,1.242,0.94,5.6
-4.7294,152.5623,41,19,0.666,1.32,7.5
-5.2049,152.6038,42.05,19,1.098,1.06,5.7
-15.4296,-173.049,10,36,4.695,0.96,6
-15.392,-172.9409,14.54,35,4.659,0.95,6.4
-15.4994,-173.0293,11,36,4.629,0.9,6.5
-39.2859,78.0903,10,24,1.542,0.91,5.9
-15.4261,-172.8635,9.64,40,1.838,1.16,5.8
-10.959,162.4863,26,17,2.92,0.8,5.6
-4.915,152.4751,35,17,0.783,0.86,5.7
-4.8946,152.49,39,16,0.77,0.67,6
-16.0213,-172.8346,10,54,8.89,0.69,5.5
-17.8607,-178.5831,560,20,3.207,0.67,5.9
-23.0158,-176.3463,59.21,35,6.364,0.83,5.5
-6.2934,147.7519,30,10,3.146,0.97,5.9
-5.5476,152.7221,8,73,1.457,0.97,5.5
-15.1676,-173.2247,30,36,1.878,1.07,6.3
-13.7935,65.858,10,39,9.066,0.87,5.7
2.1173,126.6945,50,24,1.495,1,5.5
-15.1965,-173.3499,8,32,5.058,0.72,5.6
35.1891,26.8235,20,25,0.451,0.83,6
-15.8815,-178.6005,10,42,3.702,1.07,6.5
24.2026,122.3158,29,11,0.659,1.26,6.4
-5.6841,102.4776,27,24,1.398,1.25,5.7
24.0851,122.453,29,12,0.635,0.69,6
24.0471,122.4532,29,26,0.659,0.77,6.1
-12.039,166.432,72,28,6.875,0.66,6.2
-42.0602,173.0066,48,22,0.307,0.93,6.1
51.6148,-130.7714,8,69,1.743,1.24,6.2
28.2305,84.7314,8.22,12,1.857,0.96,7.8
27.6285,85.5398,10,43,1.173,1.02,6.1
27.6857,86.0213,10,42,0.751,0.76,5.6
28.2244,84.8216,10,16,1.778,0.64,6.6
27.8822,85.7505,10,39,0.942,0.65,5.5
28.3902,87.3173,10,22,0.619,0.7,5.7
27.7711,86.0173,22.91,13,0.727,0.86,6.7
-8.3237,-79.8322,22,41,1.85,0.8,5.6
-20.8865,-178.6329,581,13,4.422,0.85,6.1
17.1089,-95.0355,111,43,0.145,1.24,5.5
-60.3933,-26.9077,10,38,8.016,1.06,5.8
-5.375,151.7706,31,12,1.239,1.1,6.7
-5.2005,151.7773,44,23,1.074,0.65,6.8
-5.4912,151.8715,35,71,1.323,0.98,6
31.5293,140.213,10,73,1.617,1.07,5.7
-5.6314,151.6757,24,15,1.511,0.73,6
-5.5228,151.8552,35,37,1.358,0.69,5.5
-5.5385,151.9265,35,18,1.359,0.98,5.9
-44.5226,168.8833,10,31,0.319,0.94,5.6
-61.4428,154.2683,14,41,7.394,0.61,5.7
-5.4624,151.8751,55,22,1.295,1.02,7.5
-5.3494,152.0278,35,19,1.158,0.62,5.8
-5.4716,152.1638,35,48,1.272,0.57,5.6
-5.5289,152.2351,45.61,29,1.33,0.75,5.8
-15.3785,67.2078,10,40,12.32,0.76,5.5
-7.2175,154.5567,10,11,3.835,0.7,7.1
1.5404,97.9026,36,23,0.402,1.21,5.7
-6.1204,149.8228,35,19,3.018,1,5.9
14.8388,-94.0135,9,72,2.265,1.01,5.6
31.2373,142.0157,6,30,2.644,0.48,6
27.8087,86.0655,15,11,0.677,0.92,7.3
27.7141,86.2177,13.01,66,0.579,0.89,5.5
27.625,86.1617,15,10,0.664,0.93,6.3
38.9056,142.0317,35,8,1.422,0.84,6.8
-2.542,102.2191,151,25,2.503,1.15,6
27.5603,86.0734,7,13,4.928,0.72,5.5
-12.0807,165.8102,9,30,3.609,0.7,5.6
-41.5553,80.3254,9,16,4.314,1.49,5.7
-7.148,154.4418,10,12,3.71,1.08,5.7
-18.6153,168.5853,50,14,2.496,0.88,5.8
-54.3312,-132.1618,7.2,24,31.555,0.91,6.7
-19.3021,-175.5247,203,31,6.287,1.19,6
-10.8759,164.1694,11,15,4.395,0.72,6.8
-9.8042,160.3336,5,13,0.526,0.77,5.7
-11.0559,163.6959,11.19,22,4.024,1.37,6.9
-11.1093,163.2154,10,18,3.619,0.81,6.8
-4.7846,152.5914,31.84,19,0.727,0.85,5.9
-16.855,-14.1708,10,16,7.862,0.9,6.3
-19.3933,-175.9627,10,60,5.711,0.99,6.2
-59.653,-26.4546,34,36,15.327,0.59,5.8
-22.057,-68.5076,124,31,0.667,1.36,5.6
-0.3277,135.7341,15,26,4.331,0.74,5.8
-58.7355,-25.2138,35,38,19.091,0.83,5.7
-47.3578,99.9237,10,50,18.978,0.55,5.9
27.8386,140.4931,664,12,1.675,1.12,7.8
-15.7216,-173.3817,10,44,2.377,1.14,6
30.7856,142.9722,6.05,12,3.549,0.81,6.2
44.4584,-129.8114,10,63,4.278,0.91,5.8
44.4971,-129.9582,10,104,4.39,0.86,5.9
5.9867,116.5409,10,20,6.431,1.03,6
-37.1708,78.1817,10,53,0.792,1.24,5.6
41.5615,142.0308,42,54,0.956,1.14,6.1
-56.032,-143.8281,10,166,28.478,0.8,5.6
39.6795,143.319,30.96,69,2.306,0.98,5.8
-22.4,-68.4323,124,20,0.49,1.13,6
39.672,143.331,10.49,28,2.318,0.44,5.7
39.608,143.3457,5.72,49,2.36,0.47,5.7
-15.6758,-173.0098,48,21,2.122,1.19,6
-24.5961,-176.159,22,112,4.892,1.33,5.5
-9.742,125.2517,20,53,0.97,1.26,5.8
4.1537,125.8447,136,21,2.908,1.38,5.7
-20.3944,-179.0024,656,23,3.834,1.25,5.9
-35.3639,-17.1605,10,34,21.859,1.16,7
-36.3601,-73.812,11,51,2.039,1.03,6.4
-36.3656,-73.7481,4.58,115,2.004,0.82,5.5
-59.6293,-26.5027,50.11,32,15.36,0.88,5.7
-23.5295,-177.0845,151,17,5.742,1.08,5.9
-20.4307,-178.3276,562.61,18,4.341,0.68,6
-19.5686,-175.0399,138,15,4.852,0.79,5.5
27.7375,139.7254,460,11,2.277,0.98,6.5
27.707,139.7745,462.13,81,5.39,1.23,5.5
27.6475,140.0686,470.67,55,1.96,0.68,5.6
-32.0722,-178.3241,10,57,2.838,1.32,6
29.0402,34.6672,22,57,2.386,0.76,5.5
-16.0251,-74.2558,28,92,4.408,0.98,5.8
36.6802,71.3004,191,27,0.731,1.25,5.5
-5.4513,151.5457,43,20,1.395,0.8,6
-52.2069,159.5935,10,53,2.327,0.94,5.7
-10.9911,162.5558,12,24,2.995,0.77,6
37.4593,78.1542,20,15,4.272,1.03,6.4
11.4234,95.032,8.71,30,2.254,0.76,5.5
10.1691,125.8907,32,19,3.095,1.03,6.1
-56.6001,-142.1098,10,150,28.31,0.84,5.6
-20.7139,-174.5001,44,21,4.601,1.17,5.8
43.9097,147.9748,49,33,3.887,1.26,6.3
-35.4246,-179.6208,10,62,2.709,1.5,5.6
-35.4058,-179.7237,10,30,2.674,1.02,5.6
-13.329,-111.6323,10,92,33.259,0.79,5.9
-13.3864,-111.3022,10,52,32.948,0.8,5.7
-22.9379,-177.1329,169.64,22,6.321,1.15,5.8
13.2949,-90.244,45.68,150,1.059,1.46,5.6
40.3631,141.4646,81,15,0.735,0.86,5.5
-9.307,158.403,12,11,1.529,1.11,6.7
2.9918,128.1869,115,37,2.352,0.98,5.5
33.0229,131.7493,53,57,0.739,0.95,5.5
13.8769,-58.4736,7.07,31,1.282,0.98,5.7
13.8672,-58.5479,20,20,1.218,0.97,6.5
-18.1214,-178.1887,536.1,13,3.597,1.32,5.8
-10.4012,165.1409,11,22,5.205,1.09,7
-35.5251,-105.0838,14,34,9.125,0.68,5.7
-0.6942,-21.1776,8.55,42,9.892,0.67,5.5
-8.2477,108.9163,48,17,1.625,1.33,5.5
-9.2585,112.6695,52,14,1.661,1.1,5.9
-18.024,-174.0685,7.3,50,4.065,0.75,5.8
52.376,-169.4458,29,39,0.444,1.12,6.9
52.7811,-169.5781,31.9,178,0.478,0.61,5.9
52.208,-169.4223,27.84,120,0.608,1.04,5.7
52.2572,-169.3458,35,57,0.578,0.86,5.9
52.3581,-169.0816,35,59,0.63,0.98,5.5
52.4977,-169.7473,35,88,0.721,1.28,5.6
52.2564,-169.3455,39.58,64,0.579,0.77,5.7
-2.6286,138.5277,48,12,6.278,1.2,7
8.2309,-77.3152,12,31,2.647,1.06,5.9
-25.3727,154.2281,9,21,2.846,0.71,5.5
-27.0321,-176.0466,10,55,2.761,1.12,5.6
-56.9716,-140.9507,9.11,61,27.292,1.29,5.7
-16.4701,-174.3557,176,25,3.56,0.82,5.7
16.1408,-93.664,100.85,34,1.473,0.92,5.7
-26.4576,-178.2511,269,13,2.791,1.08,6
-2.1412,28.8973,11,20,2.392,0.87,5.8
-2.0913,28.9515,10,28,2.319,0.77,5.5
1.0861,-85.2083,10,64,5.37,0.95,5.6
1.0467,-85.2705,6.87,71,5.298,1.18,5.6
-18.0441,-174.141,28.49,64,4.126,1.17,5.7
-27.4539,-176.2457,10,24,2.32,1.08,5.8
-9.3438,158.0525,22,20,1.872,1.01,6.6
-9.2998,157.9543,10,22,1.971,1.37,5.9
-19.6389,-174.8533,46.28,18,4.684,0.95,5.6
36.5326,71.2147,224,17,0.782,0.92,5.9
-27.0812,-176.2405,6.73,76,2.621,0.93,5.5
-27.0523,-176.2728,10,35,2.628,0.8,5.7
-31.6968,-71.6227,30,45,0.724,1,5.5
-9.3286,157.8422,4.18,31,2.08,0.79,5.6
-9.3293,157.8772,6.43,16,2.045,1.19,6.5
-37.0152,78.0623,10,38,0.873,1.4,6
-36.8531,78.3516,10,57,1.129,1.29,5.6
-3.9835,152.8909,135,19,0.754,1.11,5.6
23.9689,122.4897,17.32,81,0.687,0.97,5.6
-27.315,-176.0525,11.19,71,2.536,0.96,5.7
21.1039,-45.8517,10,41,15.299,0.83,5.5
-10.8968,163.8226,8,21,4.08,0.64,6.4
51.6744,-175.1577,32,34,0.669,1.05,5.7
21.952,146.6278,10,13,6.525,0.66,5.7
13.7124,51.7823,10,34,2.453,1.11,5.7
0.4854,126.5894,46.14,24,0.827,1,5.8
-8.0603,149.553,52.4,29,4.638,1.17,5.5
-29.7191,-71.2958,31.11,33,0.205,1.01,5.7
-30.6502,-178.7298,228,59,1.563,1.32,6
-57.4999,-25.8754,32,26,6.782,0.68,5.8
31.2841,141.7062,10,25,2.43,0.74,5.6
31.1806,141.6,8,19,2.452,0.8,6
4.4132,124.6314,296,26,2.802,1.29,5.7
2.0551,126.6816,53,30,1.447,1.3,5.5
51.371,-174.3382,20,78,0.836,0.83,5.5
49.3613,155.6819,38,37,3.96,1.29,5.8
-24.2427,179.1278,535,21,5.634,1.1,6
-32.8199,-177.8599,17,56,3.564,1.47,6.3
-32.8265,-178.198,10,45,3.577,0.99,5.9
-33.0304,-178.5336,10,34,3.808,1.15,5.8
-33.1147,-178.2046,12.77,56,3.864,0.69,5.5
-49.5321,-116.3317,10,63,35.377,0.89,5.9
52.0985,-169.5349,20,61,0.698,1.45,6
-5.9797,146.6564,26,16,3.974,0.79,5.5
-32.6066,-178.0287,8,30,3.352,1.06,5.9
-6.1236,147.3658,27,12,4.053,1.13,5.5
24.8094,-109.5138,10,117,1.185,1.25,5.6
24.913,-109.6226,10,123,1.256,0.65,6.7
1.8841,126.4288,41.55,19,1.449,0.99,6.3
-6.0114,151.4768,6,13,1.933,0.92,6.1
-31.5729,-71.6744,22.44,19,0.684,1.02,8.3
-31.7502,-71.7425,19.1,93,1.077,0.95,6.1
-31.1055,-71.405,37.8,68,0.473,0.8,5.6
-31.5743,-71.6717,35,94,1.585,0.89,5.7
-31.6,-71.9189,35,98,0.954,0.76,6.1
-31.5622,-71.4262,28.41,13,0.903,0.93,7
-31.1674,-71.772,32.1,147,0.505,0.74,5.7
-30.7179,-71.8037,20.71,112,0.151,0.67,5.5
-31.7842,-72.0222,12.46,28,1.155,0.74,5.9
-31.7363,-72.0265,9.29,34,1.111,0.88,5.8
-31.1043,-71.6504,42.32,60,0.429,0.57,6.4
-30.9669,-71.5398,35,112,0.303,0.74,5.5
-31.4244,-71.6876,27,62,0.749,0.65,6.5
-31.2244,-71.926,15.97,101,0.603,0.64,5.7
-31.5173,-71.804,23,35,0.853,0.91,6.7
-31.4167,-71.98,17.62,86,0.797,0.69,5.5
-31.8011,-72.1309,10,40,1.201,0.62,5.5
53.2985,159.7085,68.09,91,0.694,0.57,5.5
-32.9149,-71.6064,10,54,0.11,1.17,5.9
-32.1432,-72.3779,10,102,2.959,1.4,5.9
-30.9102,-71.9829,10,101,2.195,0.92,5.7
-29.9614,-71.8851,5.69,63,0.562,1.03,5.5
-32.2292,-72.3678,6,71,1.003,0.53,5.6
-32.3681,-72.2292,8,48,0.821,0.95,6.2
15.2767,-45.9886,10,37,13.328,0.94,6
-29.6411,-72.077,6,95,0.779,0.81,6.1
-31.0999,-71.5902,28,67,0.426,1.17,5.7
-32.3335,-72.0629,18,60,0.775,1.19,6.2
-30.5256,-72.1984,10,85,0.507,1.16,5.6
-31.5757,-71.7431,30,27,0.903,1.08,6.1
-31.7275,-71.3792,35,14,1.064,0.79,6.6
-31.0458,-71.82,26.95,43,0.403,0.86,5.5
-31.7819,-71.6407,28.36,35,1.104,0.79,5.6
-31.4441,-71.2653,58,13,0.779,0.99,6
50.7832,-130.2084,10,77,1.326,1.39,5.7
-0.6212,131.2622,18,13,2.486,1.13,6.6
-10.1917,160.5201,25.54,32,0.937,0.95,5.8
-30.8148,-71.3217,46,17,0.304,0.91,6.3
5.2649,123.7966,516,31,2.521,1.06,5.5
-6.278,151.6661,2.93,18,2.131,0.74,5.5
-57.0947,-142.4382,10,66,26.881,1.35,5.9
-7.1772,129.6047,107,17,1.86,1,5.5
-23.8028,-66.6126,219,27,1.669,0.81,5.9
-56.1948,-27.7153,101,35,5.372,0.85,5.7
-37.4557,-73.6761,14.53,118,2.02,0.84,5.8
-30.301,-71.551,38,57,0.378,0.75,5.9
-30.3105,-72.1018,5.89,87,0.541,0.72,5.5
-30.3035,-71.5318,34,30,0.379,0.76,5.9
51.9487,-179.2558,90.82,33,0.3,0.97,5.7
-31.7323,-71.7325,35,34,1.058,1.18,5.5
-60.7167,-20.8492,10,45,10.581,0.7,5.5
-54.4856,-135.708,10,27,30.68,0.86,6.1
-31.1849,-71.8227,21,45,0.534,0.89,5.6
-40.5837,176.2884,22,66,0.101,1.09,5.6
48.8595,156.2259,12,48,4.355,1.34,6
55.5962,159.2114,285,85,2.599,0.86,5.6
-25.4674,-64.4839,17,37,4.201,0.79,5.8
-42.6607,-82.4526,10.13,76,7.707,0.76,5.6
-16.2018,-173.2608,12,23,10.603,1.01,6
13.8654,120.6172,106,28,8.33,0.97,5.8
27.0743,140.2123,304,18,1.758,1.05,5.7
-57.4332,-65.8872,9.08,49,2.689,0.89,5.6
-14.8595,167.3028,135,11,0.592,1.02,7.1
29.6377,70.326,11,38,4.722,0.88,5.6
-54.2258,6.1653,11,38,17.944,0.8,6.2
-45.8146,37.1711,10,23,10.221,0.94,6
-2.1661,138.2666,8,14,2.46,1.01,5.8
-30.2199,-179.3319,313.68,56,1.559,1.01,5.5
-29.3334,-177.7961,10,22,0.145,0.83,5.8
36.459,70.6847,206.94,18,0.671,1.11,5.9
36.5244,70.3676,231,18,0.622,1.43,7.5
-10.9788,166.3796,141,21,4.513,0.93,5.8
-23.2468,-68.4169,111,31,0.366,0.97,5.8
22.7548,121.6561,7,39,0.535,0.99,5.5
51.5815,-173.3339,13,64,0.84,1.05,5.8
-8.2825,124.9069,10.27,37,1.594,0.95,5.7
-8.3381,124.8754,20,21,1.53,0.83,6.5
-3.5489,149.7071,10,40,2.532,1.06,5.6
-3.7259,150.9036,10,57,1.339,1.12,5.5
-29.4642,-72.3015,13,111,1.029,0.79,6.2
-30.8796,-71.4519,46,41,0.258,0.76,6.8
-30.7227,-71.3904,42,56,0.216,0.62,5.7
16.4895,119.8464,37,27,6.401,0.84,5.5
-17.3194,-69.4287,159.86,95,1.013,0.72,5.7
0.7863,98.8905,69,29,1.411,0.88,5.7
6.8782,94.5455,8,29,2.896,0.9,5.5
51.5002,-172.9113,16,89,1.069,1.3,5.6
51.5345,-172.9785,20,77,1.015,1.16,5.7
6.8431,94.648,10,31,2.792,1.23,6.6
6.984,94.534,10,47,2.966,1.11,5.6
6.4078,94.8019,10,31,2.434,1.24,5.5
51.6394,-173.0746,15,39,0.897,0.86,6.5
6.2386,147.6443,13,20,7.799,0.9,5.6
-29.5067,-72.0068,12,32,0.784,1.08,6.9
-29.5097,-72.0585,10,43,0.821,1.18,6.9
-9.1387,-108.6442,10,100,17.905,0.62,5.6
-8.9416,110.2187,83.02,35,1.066,1.49,5.5
-7.2493,128.93,126,19,2.458,1.03,5.8
-29.8492,-64.4985,27,31,3.981,0.9,5.6
31.0009,128.8729,12,17,1.444,1.25,6.7
31.4417,128.8428,10,22,1.377,0.76,5.7
17.8398,-81.8219,6.71,17,1.585,1.09,5.8
48.3334,154.2439,34,16,5.259,0.76,5.9
40.3762,73.2038,18,18,1.397,0.73,5.6
-8.8994,158.4217,12.59,19,1.599,0.85,6.8
26.3565,142.6429,14,44,0.842,0.9,5.8
-7.1484,129.9375,82,17,4.79,0.87,6.1
-30.5754,-71.7676,27,43,0.15,0.91,5.8
36.4344,71.4233,102,16,0.968,1.27,5.7
16.9762,-98.9116,34,83,0.67,1.36,5.6
18.7787,145.2659,586.88,11,2.461,0.82,6
-0.0981,-17.834,10,33,8.372,0.88,5.5
-10.5372,-70.9437,606.21,10,3.287,1.36,7.6
-10.0598,-71.0184,620.56,10,2.852,1,7.6
1.4305,126.2904,33.16,20,1.259,0.98,5.7
-9.1825,-71.2574,602.75,19,2.033,1.06,6.7
13.0906,-88.9476,52,43,0.653,1.07,5.6
-24.828,-70.6009,34,44,0.269,1.2,6.2
43.3856,146.4353,69,18,2.777,0.87,5.6
-30.3688,-72.151,10,53,0.539,0.84,5.6
-23.5597,-64.6521,11,27,4.033,1.22,5.8
-23.4779,-64.5862,10,45,4.075,0.89,5.5
-8.791,67.6967,10,59,4.904,0.95,5.5
-14.8839,-176.5573,10,43,4.731,1.47,5.8
-47.6165,85.0913,35,8,10.034,1.42,7.1
-18.1602,-178.694,547,31,3.124,1.27,5.6
38.2107,72.7797,22,18,1.116,0.94,7.2
-31.3985,-71.2624,49.53,57,0.743,0.91,5.5
41.7307,74.6053,21.53,41,0.909,0.72,5.5
14.2197,-90.8905,84,31,0.836,1.48,5.7
-30.8096,-71.7519,25,48,0.168,0.75,5.6
-4.1064,129.5079,21,14,2.979,0.86,6.9
-16.7374,175.2475,10,65,2.861,0.8,6.1
-35.8838,-73.2763,10,96,1.402,0.7,5.5
-58.88,-23.9062,10,32,8.328,1.03,5.7
-41.1083,-90.0703,10,63,12.473,0.88,5.5
15.8015,-93.633,85,35,0.41,1.37,6.6
-18.3819,169.3857,10,22,3.125,0.87,6
-8.3684,107.0225,27,87,2.496,1.4,5.7
-30.6053,-71.3057,48.34,16,0.291,0.96,5.8
3.6455,117.6359,14,70,1.748,0.84,6.1
-4.4354,151.9782,162,33,0.136,0.68,5.7
-54.1759,-1.4943,10,38,17.573,1.02,5.8
-55.755,-123.1158,12.28,36,27.97,1.24,6.2
-7.2182,128.9775,119,13,2.423,1.32,5.8
-40.7281,-86.4356,10,132,9.813,1.33,5.8
36.4935,71.1263,206,17,0.77,0.91,6.3
14.6571,-61.3454,150,19,0.207,0.78,5.6
-6.2452,154.7595,30,21,3.293,0.87,5.8
11.1535,-86.6205,20,72,1.097,1.44,5.8
-50.5575,139.4489,10,19,9.361,0.88,6.3
-28.6278,-177.281,34,62,0.837,1.28,5.8
44.8069,129.9406,585.47,12,0.311,0.89,5.8
24.8036,93.6505,55,16,1.794,1.01,6.7
30.6132,132.7337,4.71,29,2.151,0.48,5.8
-54.2906,-136.2603,10,71,30.75,0.67,6
22.0669,143.6108,158,9,5.172,0.9,5.7
-30.664,-71.6383,24.03,76,0.01,0.79,5.7
-57.6576,-147.9486,4,48,32.49,0.95,5.6
3.8965,126.8621,13,22,3.144,0.72,6.5
44.4761,141.0867,238.81,33,1.139,0.96,6.2
-31.3385,58.1916,10,16,10.361,1.11,5.9
36.5979,70.9503,239,20,0.606,1.07,5.7
-15.1703,-174.875,263,20,3.251,1.13,5.9
-19.7597,-63.3288,582.56,16,5.492,1.04,6.1
41.9723,142.781,46,22,0.281,0.98,6.7
-15.6408,-177.1557,10,38,5.045,1.35,5.6
-53.2602,159.7523,10,56,1.327,1.35,5.5
9.6862,126.3095,35,46,2.698,1.27,5.6
-3.8727,127.2292,4.11,14,4.615,0.91,5.6
-21.4088,176.1244,7.05,42,4.073,0.88,5.8
22.8626,121.3206,27.1,48,0.226,0.82,5.6
37.6709,101.6409,9,10,9.84,0.88,5.9
-30.8839,-178.5829,123.09,59,1.729,0.75,5.5
18.8239,-106.9337,10,74,2.413,0.98,6.6
-13.7207,172.06,44.13,65,5.005,0.75,5.6
59.6363,-153.4051,129,19,0.72,2.11,7.1
-19.5324,-173.3833,53,34,3.295,1.36,5.7
35.6493,-3.6818,12,20,2.201,0.92,6.3
3.2058,128.392,42.65,21,2.625,1.28,5.5
-5.2952,153.2454,26,25,1.537,0.74,6.1
-5.3105,153.2532,35,16,1.554,1.14,5.5
1.0248,-28.1447,10,34,10.311,1.07,5.7
53.9776,158.5463,177,17,0.958,1.19,7.2
-3.1401,146.9814,13,30,1.155,1.06,5.5
-2.8659,147.1385,10,24,0.848,1.11,5.7
-63.263,169.1485,10,75,14.512,0.62,6.1
-30.7539,-179.9504,391,14,2.31,1.03,6.2
25.5745,123.4476,196,28,1.171,0.84,5.7
22.9375,120.6014,23,14,0.362,1.19,6.4
-16.9899,174.9389,10,38,3.067,0.81,5.7
-15.2216,-173.3951,51,41,2.038,0.88,5.8
-6.6207,154.7421,29,11,5.865,0.63,6.4
-30.5723,-71.5838,29,45,0.11,0.81,6.3
-9.6338,119.4013,28,39,2.971,1.14,6.3
-43.4798,172.7715,7.63,33,0.241,0.9,5.8
30.2966,138.8823,410,29,2.92,0.99,5.7
-20.9981,-175.4788,10,47,5.558,0.65,6
-49.0481,164.4987,10,49,3.239,0.83,5.9
-16.4442,-73.6045,29,83,3.656,1.03,5.7
-55.7841,-125.1659,13,71,30.841,1.19,6.1
0.8597,129.0605,9,22,1.695,1,6
-56.2549,-27.5661,99,21,5.47,0.68,5.6
-21.9559,-179.4072,582.65,60,4.823,0.97,5.8
4.6999,-32.6275,10,17,10.956,0.58,5.5
24.5533,142.4073,21,14,2.539,0.94,5.6
-30.4242,-72.2967,12,39,0.622,1.37,6
-63.0433,145.002,10,30,11.19,0.88,5.8
-62.2092,155.2569,10,36,15.531,0.88,5.7
-51.7897,139.5956,10,44,10.307,0.61,6.1
5.2757,125.3322,175.44,22,1.799,1.16,5.5
-32.9373,-178.3856,10,45,3.701,1.11,5.6
-4.9521,94.3299,24,20,7.009,1.14,7.8
-4.794,94.4101,10,24,6.833,0.68,5.6
-9.7645,125.316,29.5,77,1.686,0.68,5.6
-3.3298,148.8245,10,18,1.937,0.96,5.9
-3.0988,148.8388,10,39,1.806,0.93,5.6
-32.9625,-178.2218,10,48,3.714,1.12,5.5
-15.1081,-173.4281,33,40,1.994,1.36,5.9
51.4497,-173.9725,12.71,54,0.765,1.08,5.6
51.5648,-173.9423,19,20,0.657,0.87,6.3
29.8888,128.9567,210.5,12,2.066,0.89,5.5
-56.4283,-27.0089,84,22,5.818,0.89,5.6
-52.6136,18.7984,10,19,20.275,0.68,5.6
4.725,125.1481,10,73,2.368,0.91,5.5
-4.5473,153.0955,34.94,23,0.994,1.14,5.6
-12.5112,166.6214,29,35,2.972,0.85,5.5
38.0233,72.4114,10,54,0.772,1.17,5.6
49.673,-129.8485,10,70,1.467,0.68,5.5
51.5145,-174.1423,17,25,0.689,0.83,6
-5.5662,129.4922,269.8,28,2.996,0.76,5.7
11.8676,-88.7677,10,43,1.863,0.87,5.6
17.996,-60.7019,26,27,1.082,1.16,6
54.294,162.8129,30,20,2.785,0.71,6.4
27.7676,66.0962,10,19,7.208,0.54,5.6
-2.6503,68.0253,10,26,5.867,1.16,5.6
52.175,-168.6554,16,60,0.807,1.1,5.8
30.2073,-114.3078,10,107,0.95,0.94,5.5
52.29,-168.6929,11.24,64,0.69,1.1,5.5
-56.2536,-27.6408,29.71,58,5.429,1.07,5.5
2.3874,126.1019,55,20,2.043,1.27,5.5
33.3807,136.3901,14,27,2.034,0.73,5.9
-3.3585,144.887,6,37,2.8,1.42,6.2
-14.3235,166.8551,26,25,1.166,1.09,6.9
4.2073,126.6515,35,41,3.037,1.25,5.9
-14.1516,166.7012,35,28,6.609,1.03,5.8
-14.0683,166.6245,24,19,6.697,1.22,6.7
-14.2026,166.6391,35,25,6.563,1.16,5.9
-8.2036,107.3857,29,31,1.39,1.44,6.1
-6.0292,130.4296,118,21,2.123,1.03,5.5
-13.9805,166.5943,27.59,25,6.787,0.76,6.7
-4.1489,102.211,41,15,0.771,1.15,5.7
16.0557,-96.2563,25,71,0.319,0.94,5.5
36.4725,71.1311,212,17,0.789,1.03,6.6
51.1243,179.5394,19,52,1.118,0.98,5.6
51.8545,176.6748,23,29,1.806,0.91,5.6
-3.7568,-103.9367,10,48,13.979,0.64,5.8
-55.2497,146.1742,9,45,7.415,1.11,5.5
23.0944,94.8654,136,14,3.001,1.03,6.9
7.7917,122.0231,17,19,3.598,0.93,6
53.77,160.8036,32,80,1.49,0.62,5.8
-14.4907,166.5026,7.47,15,1.167,1.27,5.9
32.788,130.7042,9,18,0.366,1.14,6.2
32.6973,130.7204,8,32,0.446,0.86,6
-14.5284,166.4334,16,23,1.178,1.05,6.4
-7.459,128.1235,136.78,12,3.189,1.32,5.6
2.0125,127.0004,89.95,25,1.285,0.8,5.6
13.4008,-92.367,22.41,63,1.293,1.39,6.1
32.7906,130.7543,10,32,0.349,0.85,7
32.9241,130.8091,10,61,0.208,1.23,5.7
33.0051,131.1569,13.22,19,0.263,0.87,5.5
-29.5755,-111.5741,10,42,3.056,0.67,5.5
0.3819,-79.9218,20.59,15,1.44,0.94,7.8
-0.2648,-80.4644,15.49,44,2.008,0.88,5.5
-0.3852,-80.2013,23.95,36,1.728,0.94,5.8
-23.4947,-174.2467,10,31,5.962,1.17,5.7
-0.2344,-80.6943,10,45,2.212,1.06,5.6
33.0143,131.0991,10.46,52,0.217,0.91,5.5
-19.492,169.0934,76,19,2.16,0.83,5.9
-55.7283,-27.2307,14,32,5.521,0.8,6.2
0.5783,-80.0247,11,47,1.609,0.68,5.6
0.639,-80.2104,14,48,1.804,0.83,6.2
0.7079,-80.0352,10,78,1.651,1.43,6
13.2,-55.8867,28,28,3.577,1.04,5.6
37.8013,141.6216,33.11,41,0.662,0.8,5.9
-0.2921,-80.5039,10,44,2.025,0.91,6
-0.2814,-80.5039,10.29,44,2.024,0.86,5.9
0.6128,-80.2522,10,36,1.839,0.9,5.7
-59.3074,-27.027,10,40,7.231,0.81,5.5
-17.6976,-173.2031,27.17,28,3.399,0.82,5.7
14.479,-93.1509,16,67,0.957,1.37,6
-4.5105,140.1922,107,17,8.082,0.79,5.6
14.5178,-93.0882,16,40,0.885,1.3,6
24.2309,121.8009,13,29,0.196,0.83,5.5
-16.0429,167.3786,24,14,0.616,1.33,7
10.2752,-103.7363,10,38,7.528,0.92,6.6
-16.3487,167.2001,2.99,37,0.896,1.38,5.8
-5.0262,104.6271,117,25,1.792,1.33,5.7
-6.0785,-107.1631,15.03,76,17.677,0.82,5.6
43.6954,147.5063,61,20,3.575,0.71,5.7
-55.7642,-143.9055,10,37,27.84,0.91,5.5
-14.855,166.9341,26,43,0.643,0.83,5.7
13.7719,51.7683,10,34,2.494,1.19,5.5
-8.9416,-108.2391,10,71,19.672,1.12,5.6
18.3754,-105.3371,10,104,1.506,0.85,5.6
16.4107,-97.8416,22,71,0.274,1.23,5.8
-62.5795,165.344,10,66,15.056,1.46,5.5
24.6953,121.9839,8,25,0.521,1,5.8
24.6833,122.0531,9,26,0.582,0.91,5.7
30.659,66.3878,10,33,4.472,0.95,5.5
-25.4822,179.3397,506.36,27,4.466,0.86,5.6
8.5599,-102.7916,10,54,9.848,0.85,5.8
-22.517,172.9882,10,44,4.714,0.7,5.8
8.5038,-103.1118,10,74,10.032,0.91,5.5
0.4261,-79.7899,16,21,1.352,1.13,6.7
0.4947,-79.616,29.95,17,1.192,1.09,6.9
-25.5655,129.8841,10,24,1.53,1.33,6
30.9561,140.0808,124.52,62,2.164,1.17,5.5
26.9924,130.1374,10,22,1.672,0.83,5.9
27.6887,128.5829,10,152,0.893,0.92,5.5
-20.8101,-178.6481,567.48,16,4.359,0.86,6.4
-21.9724,-178.2038,405.69,19,5.485,0.94,6.9
-56.2409,-26.9353,78,24,5.803,0.89,7.2
-30.2689,-177.9791,47,26,1.021,0.89,5.7
25.5615,122.5458,246.4,16,1.115,0.97,6.4
47.5484,154.3641,18.37,58,6.129,0.78,5.9
55.3979,-158.5143,37.54,26,0.839,0.72,5.7
-30.2228,-177.9545,43.85,35,0.974,1.02,5.5
-2.0967,100.6654,50,16,2.435,0.87,6.6
18.0217,-105.8338,10,74,2.094,1.07,5.8
-29.3424,-71.8594,28,72,0.788,1,5.8
-4.587,125.6264,429.62,17,5.308,1.13,6.3
-17.6471,-172.6317,10,53,2.935,1.02,5.6
-30.0235,-177.8359,43.83,33,0.78,1.06,6.1
-30.0433,-71.4636,28.31,60,0.231,0.79,5.5
-45.1528,166.8282,39.65,27,0.387,0.8,5.5
18.3637,-105.1731,10,56,1.383,1,6.3
18.5036,-105.2031,10,131,1.332,0.95,5.5
1.2789,126.3712,31,10,1.115,1.1,6.3
-4.061,-104.5531,10,111,14.645,0.79,5.9
-11.2487,116.2669,19,27,3.459,0.76,6.1
12.8318,-86.9633,10,39,0.159,1.04,6.1
-8.6757,160.559,30.4,13,0.969,1.02,6.2
-7.4584,-13.6003,10,19,0.888,0.74,5.5
-16.4825,-177.2142,10,51,4.696,1.23,5.8
-4.4284,-104.8111,10,84,14.98,0.88,5.7
27.0107,130.1996,10,18,1.729,1.07,5.6
-18.7609,168.8279,111,17,2.807,0.72,6.2
26.9601,130.1941,5.39,61,1.72,0.58,5.6
-62.3661,166.5804,10,108,8.838,1.28,5.7
-20.5822,168.9219,10,114,1.221,1.43,5.7
-11.6148,166.37,45.64,42,6.675,0.74,5.7
-24.1467,-67.1526,186,31,1.516,1.32,5.7
-20.2793,169.0737,13,64,13.92,1.05,6.3
20.1726,121.3782,16,24,2.646,0.95,5.6
-20.2072,168.7595,15,20,1.439,1.24,6
22.6582,-45.1402,10,22,16.283,0.63,6.1
-3.4199,151.8796,354,12,0.816,1.08,6.3
-60.6729,-42.912,10,53,0.899,0.69,5.5
23.694,123.3704,10,18,0.836,1,5.8
-25.7705,-69.3417,118.96,43,0.645,1.13,5.5
53.9019,-35.3608,10,25,9.056,0.73,5.5
39.4793,73.3388,13,36,1.187,1.13,6.4
36.9968,142.2226,12.82,52,1.434,0.86,5.7
16.5502,-97.8332,19,72,1.227,0.8,5.7
39.4745,73.341,13.59,41,1.189,0.81,5.5
-14.6436,166.4585,9,24,6.145,0.9,5.8
-16.0558,167.4701,27,22,4.701,1.37,6
-10.6273,164.9682,44,28,5.083,0.97,5.9
-56.7696,-142.0798,10,70,27.255,1.36,5.8
-0.4071,-80.8075,7.1,30,2.218,0.87,5.5
-35.8108,-103.2511,10,46,10.092,0.65,5.6
-15.0284,-172.8764,8,70,1.539,0.8,5.8
-15.083,-173.2011,8,35,1.806,0.74,6
-14.6192,167.3857,164.84,52,6.125,0.64,5.6
0.5874,-79.6358,17,47,1.234,1.1,5.9
0.5812,-79.638,21,37,1.235,1.01,6.3
-6.4391,147.4614,43.25,16,2.961,1.39,5.6
-28.0101,-176.4143,10,74,1.813,1.13,5.9
-28.0052,-176.443,12,40,1.797,1.01,6.3
-28.109,-176.5308,10,50,1.67,0.79,5.9
-27.9244,-176.5252,10,51,1.804,0.71,5.8
-28.176,-176.3523,10,44,1.747,0.95,5.6
35.2083,-35.2241,16.01,52,6.593,0.76,5.5
-30.2523,-71.9722,8.01,82,0.511,1.44,5.8
-18.9285,169.0547,167,18,2.509,0.98,6.1
47.6981,146.9212,408,31,2.925,0.81,5.8
-6.7596,101.2175,9,87,2.945,0.66,5.5
14.8899,-103.5251,10,83,3.348,1.03,5.5
-15.1308,-173.6725,37,20,2.2,0.69,5.9
0.915,-28.9702,10,27,9.631,0.62,5.7
-49.4848,126.2657,10,22,15.965,0.99,5.8
-49.4245,126.3706,10,53,15.883,0.99,5.5
-26.1067,-70.5111,72,25,0.088,0.68,6.1
-2.969,148.0345,14,12,1.136,0.73,6.4
-0.2711,-18.6431,10,38,8.573,1.18,5.9
-16.036,167.45,31,21,5.403,1.46,5.8
-44.4113,-79.0594,10,53,4.117,1.32,5.9
18.5429,145.5073,196,14,3.294,1.38,7.7
18.7561,145.4878,187.78,33,3.507,0.71,5.6
-6.9459,155.8087,37,79,4.544,0.79,5.6
-56.2564,-27.5372,99,21,5.485,0.79,5.9
-8.1935,117.8136,21,45,3.633,1.14,5.6
-23.9646,82.5565,10,34,18.292,0.95,5.6
-58.7496,-25.5494,34,28,7.522,0.87,5.6
-22.3343,-66.0078,270,20,2.097,1.03,6.2
24.9447,142.0141,510,13,2.147,0.77,6.3
-23.9235,82.434,10,34,14.442,0.87,5.5
-22.4765,173.1167,16.37,14,4.823,0.9,7.2
-25.1758,-177.3433,112.85,20,4.086,0.86,6.1
-27.348,-176.2612,10,31,2.394,0.96,5.5
50.4696,142.2749,11,46,3.528,0.83,5.7
51.5437,179.5022,65,27,0.209,0.93,5.6
-15.6542,-72.0092,20,95,3.095,0.85,5.5
37.4115,141.7203,33,13,0.868,0.97,5.6
-19.8352,148.7233,10,30,2.335,0.82,5.7
-55.9035,-123.2414,10,50,27.905,0.95,6
-55.7274,-123.2773,10,50,29.649,0.67,5.5
-55.2852,-31.8766,10,18,2.852,0.79,7.4
-55.335,-30.7714,10,112,3.471,1.03,5.7
-55.215,-32.0659,3.35,24,2.727,0.72,5.8
-55.201,-32.1126,6.79,45,2.697,0.72,5.5
-22.9455,173.2749,10,27,5.073,0.9,5.5
40.3942,143.6796,10,36,1.666,0.59,6
40.3135,143.7281,11,106,1.753,0.89,5.8
-55.3133,-31.7508,12,17,2.929,0.78,6.1
29.8814,139.1356,391,34,3.275,1.15,5.6
-7.2872,122.4345,533,10,1.353,1.17,6
-7.2131,122.5391,520.29,13,6.134,0.88,5.8
42.723,13.1877,4.44,25,0.123,0.68,6.2
42.8413,13.1533,3.25,23,0.521,0.84,5.6
20.9228,94.569,82,17,1.802,1.05,6.8
-2.9097,100.1775,19,58,3.124,0.85,5.6
30.6141,137.8537,456,47,2.988,0.73,5.9
-2.7862,138.4275,41.82,13,6.172,0.79,5.5
-0.0456,-17.8255,10,24,8.561,0.87,7.1
-3.6849,152.7915,476,12,0.803,0.63,6.8
-37.132,178.9278,15.41,27,0.655,0.92,5.8
-37.3586,179.1461,19,21,0.698,0.88,7
-37.4395,179.4941,10.39,201,0.952,1.19,5.5
-37.2263,179.093,16.81,99,0.71,1.2,5.5
-37.0174,178.8907,10,37,0.716,0.97,5.7
-37.0522,178.9291,13.73,56,0.711,0.86,6.1
-37.0274,179.0179,8.88,68,0.779,0.99,5.5
-37.2309,178.6028,10.47,58,0.406,0.98,5.5
0.5533,98.6145,35,34,1.278,1.26,5.5
-37.3176,178.7148,10,72,0.406,1,5.5
-55.3295,-30.9179,8,25,3.389,0.92,5.5
-19.5002,-173.7059,10,27,3.594,1.32,5.5
40.3208333,-125.6876667,28.57,313,1.042,0.28,5.64
20.2816,147.3955,10,49,5.241,0.68,5.5
8.3989,125.8874,16,14,1.355,0.94,5.8
-37.127,178.6986,27,62,0.535,1.06,5.9
54.4153,168.5415,8,33,3.718,0.94,6.1
-10.8889,165.9801,40.14,25,6.111,0.79,5.6
-54.6136,158.7126,10,45,0.182,0.81,6.1
-31.3775,-65.8254,157.56,12,2.448,0.89,5.6
-5.573,-76.9536,121,35,2.111,0.85,6.1
-1.0355,31.6181,40,21,5.634,0.88,5.9
-28.7552,-112.3053,10,52,2.995,0.73,5.8
7.3736,-76.1686,18,32,3.112,1.18,6
-9.329,159.1673,14,15,0.777,1.24,6
12.44,-86.6423,10,43,0.081,0.63,5.7
-29.1551,60.9158,10,18,9.226,0.59,5.5
-2.0829,140.5718,9,12,6.79,0.94,6
-4.4346,102.7537,59.05,39,0.214,0.8,5.5
-16.0566,167.4862,31,18,4.701,1.12,5.8
-2.0354,140.4805,10,18,6.881,0.72,5.8
30.5017,142.0478,9,19,3.225,0.49,6.1
-59.4722,-27.4883,8,31,7.163,0.97,5.5
-21.5525,33.4112,10,39,4.724,1.17,5.6
34.4619,141.6368,10,17,1.376,0.83,6.2
6.5717,126.4918,65,13,1.032,0.93,6.3
45.7275,26.6097,92,10,0.307,0.96,5.6
-32.6081,-178.0078,10,36,3.353,0.88,5.6
-1.9534,140.5974,8,20,6.765,1.04,5.9
-1.8499,140.5604,13.76,25,6.804,0.87,5.7
-18.1706,-174.984,202,17,4.879,0.87,6.4
-19.7819,-178.2443,596.4,9,4.051,0.82,6.9
-32.3987,-177.7666,10,55,3.146,1.16,5.6
27.4646,128.578,38,28,0.682,0.93,5.7
12.4417,-86.5146,7.56,90,0.188,0.79,5.5
-35.6012,-103.8967,10,36,9.639,0.73,5.5
-23.6806,-174.9261,10,62,6.16,0.92,5.6
27.8519,141.9442,35,16,0.783,0.85,5.7
7.1427,-34.3336,10,48,12.979,0.98,5.5
22.6258,121.436,14,18,0.38,1.09,5.8
-4.0427,-103.9169,10,52,14.023,0.85,5.6
-36.0277,-101.0092,10,51,11.357,0.67,5.6
-37.1241,178.64,35,27,0.511,0.76,5.8
1.7703,127.449,128,30,0.995,0.81,5.8
-15.372,-174.8198,10,65,3.284,1.19,5.6
-5.4151,153.5054,11,23,1.807,0.87,5.6
-35.4987,-103.9926,10,134,9.512,1.11,5.5
-4.2735,150.3606,442,18,1.661,0.98,6.3
39.8063,20.6463,22,26,0.661,0.85,5.5
-6.0033,148.8871,42,11,3.727,1.13,6.8
32.8959,94.8768,35,11,4.519,0.82,5.9
-23.3265,-179.843,540,16,5.892,0.79,5.9
15.223,-61.5065,146,19,0.273,0.83,5.6
-4.8626,108.1627,614,16,2.022,1.21,6.6
13.3118,-44.8777,10,32,11.185,0.73,5.6
22.2432,143.7548,104.46,13,5.037,0.87,5.6
35.3743,133.8092,5.63,23,0.68,0.75,6.2
44.0505,148.1035,29,34,3.971,0.88,5.9
18.9017,-104.5714,12,105,0.617,0.96,5.6
-35.9934,-102.634,10,41,10.54,1.03,5.5
-15.3889,-174.8281,10,65,3.298,1.07,5.8
-15.4371,-174.8622,10,43,3.349,1.47,6.1
42.858,13.0528,6,32,0.051,0.88,5.5
42.9564,13.0666,10,17,0.081,0.71,6.1
-1.5056,-15.5911,10,38,6.501,0.87,5.6
1.3702,125.758,61,33,1.714,0.96,5.8
53.5855,-163.265,13.89,68,1.276,0.97,5.9
-33.7771,-72.5321,12.57,78,0.774,1.05,6
-4.6721,153.2156,45.15,26,1.152,0.92,5.9
39.3881,13.5205,457.86,17,1.822,0.76,5.8
42.8621,13.0961,8,25,0.174,0.67,6.6
3.4466,-74.4951,33,35,1.399,0.98,5.6
-6.1039,148.6588,51.99,17,3.6,0.82,6
-35.0945,-71.0457,90,34,0.371,1.06,6.3
-8.11,104.8401,33,19,4.169,0.83,5.8
-58.1134,148.1913,10,44,6.997,0.99,5.7
-36.5776,-73.5603,20,54,0.342,0.82,6
-4.7403,149.8713,448.76,23,2.19,0.77,5.9
-50.0472,114.3817,10,50,16.4,0.88,5.7
-20.4275,-178.223,543.92,58,4.418,1,5.6
38.4973,141.5658,42.4,22,0.876,1.05,6.1
-24.966,178.7853,548,33,5.17,1.21,5.9
6.1142,-82.5906,10,50,2.459,1.05,5.6
-42.7358,173.0499,15.22,21,0.482,0.57,7.8
-42.4063,173.6606,9.91,79,0.709,1,5.7
-42.2132,173.4319,10,81,0.597,1.07,5.5
-42.3205,173.6694,10,58,0.135,1.45,6.5
-42.0511,174.3037,10.06,125,0.309,1.01,5.8
-41.6877,174.2061,14.59,40,0.061,1.11,5.7
-42.1762,173.6227,13.99,64,0.247,1.1,6.1
-42.3093,173.6961,2.09,61,0.157,0.64,6.2
-28.8598,-67.4611,108.78,27,2.467,0.63,5.7
-42.3743,173.9374,10,134,0.298,1.25,5.7
-42.6058,173.2543,9,56,0.283,1.05,6.5
51.0735,178.8402,34.26,59,0.419,0.97,5.6
-42.3335,173.9064,12,29,0.284,0.87,5.7
-41.7598,174.2992,17.21,37,0.064,1.07,5.5
-41.7875,174.3064,10,51,0.079,0.93,5.5
-20.2391,-173.0161,20,18,3.132,1.15,5.8
-9.0027,113.2445,85,33,1.041,1.08,5.7
-6.2582,130.4786,112.15,17,1.896,1.06,5.5
-28.1398,-177.0201,10,45,1.36,1.37,5.6
-31.6259,-68.6363,108,59,0.089,1,6.4
-53.7502,140.5246,10,47,10.844,0.62,5.5
37.3931,141.387,9,10,0.671,0.77,6.9
-40.602,177.0387,9.08,57,0.608,0.94,5.9
-42.9298,173.0041,10,66,0.043,1.12,5.5
27.1773,140.025,481,18,1.926,0.75,5.8
37.2143,141.3209,9,28,0.778,0.82,5.9
11.9065,-88.8957,10,20,1.799,1.03,6.9
55.2049,164.7541,35,30,4.204,0.75,5.5
54.4632,160.5536,87.86,43,1.833,0.78,5.6
39.2732,73.9776,17,20,1.697,0.88,6.6
43.3828,-127.0346,29.55,179,2.041,0.89,5.5
-41.8291,88.4676,10,59,9.301,0.9,5.5
-6.9865,131.8204,24,48,1.116,0.95,5.7
-35.2021,54.0219,10,44,14.608,1.19,5.5
-15.3122,-70.827,12,43,2.455,1.11,6.2
52.2532,174.1698,28.42,46,0.479,0.83,5.9
-22.6371,-176.3381,155,98,6.962,1.35,5.5
4.5051,127.8342,139,42,3.394,0.69,5.7
-7.3158,123.3802,526,14,1.732,1.03,6.3
11.0316,-60.9005,31.75,29,1.319,1.22,5.9
5.2834,96.1678,13,27,0.778,1.13,6.5
43.8229,86.3451,17.55,25,4.123,0.82,6
40.4535,-126.1936,8.45,55,1.405,1.11,6.6
-10.6787,161.3214,40,13,1.83,0.87,7.8
-10.2234,161.0792,35,211,1.36,1.27,5.7
-10.8691,161.2302,27.2,27,1.901,0.69,5.5
-10.8416,161.3137,12.26,18,1.937,0.98,6.5
-10.749,161.1316,19.73,26,1.747,0.88,6.9
-11.0704,161.4548,39.04,107,2.197,1.08,5.5
-10.9719,161.3099,19.68,52,2.029,0.78,5.5
-10.9552,161.3591,10,17,2.049,0.64,5.8
-10.3938,161.329,48.61,24,1.659,0.78,5.5
-10.3301,161.3501,38,24,1.641,0.89,5.6
-10.8829,161.2789,7.66,26,1.943,0.88,5.8
-5.6593,154.4734,142.58,13,2.724,0.8,6
-9.1237,-109.8492,10,79,21.207,0.87,5.8
-10.964,161.5723,10,45,2.203,0.9,5.5
21.2897,144.4037,22.37,18,6.124,1.01,6
21.3697,144.2175,10,18,5.994,0.74,5.5
14.0882,-90.8691,71.26,63,1.367,1.26,5.5
-4.5049,153.5216,94.54,13,1.389,0.97,7.9
-4.4244,153.5419,83.36,54,1.393,0.71,5.6
-5.6497,153.9975,26.5,31,2.331,0.81,6.3
-10.2137,161.2177,37.39,13,1.469,0.71,5.9
-34.9886,-107.8694,10,65,27.654,0.8,5.5
-6.3046,154.353,10,25,3.026,0.87,5.9
8.3489,137.6672,12.43,16,8.779,1.02,6.2
-10.1904,161.2187,57.52,92,1.458,0.79,5.5
-9.964,-70.9714,622.54,11,2.804,0.65,6.4
-10.1773,161.2236,16.65,21,1.456,0.89,6.4
37.1442,84.9583,10,15,7.182,0.83,5.6
-10.1785,160.9149,10,14,1.204,0.88,6
-10.1549,160.7816,10.38,19,1.087,0.7,5.5
-7.5082,127.9206,152,17,3.38,1.2,6.7
21.5036,145.4172,12.05,21,6.239,0.76,5.9
-5.2453,153.5754,35,13,1.753,0.91,6
-5.146,153.5166,30,14,1.648,0.85,5.8
-43.4029,-73.9395,38,29,0.351,0.8,7.6
-43.481,-74.4771,14.93,96,0.697,0.52,5.6
45.7192,26.523,97,14,0.465,0.78,5.6
38.3754,-118.8977,10.8,35.86,0.132,0.1988,5.6
38.3917,-118.8941,12.3,42.47,0.12,0.1898,5.6
38.3777,-118.8957,8.8,48.58,0.129,0.2187,5.5
36.9179,140.4262,10,91,0.992,1.52,5.9
-9.0283,118.6639,79,26,3.553,1.43,6.3
37.3973,141.4103,11.94,97,0.681,0.91,5.5
